Municipio,Codigo ,Total
Alta Floresta D'Oeste,  1 100 015 ,   21 494
Ariquemes,  1 100 023 ,   96 833
Cabixi,  1 100 031 ,   5 351
Cacoal,  1 100 049 ,   86 887
Cerejeiras,  1 100 056 ,   15 890
Colorado do Oeste,  1 100 064 ,   15 663
Corumbiara,  1 100 072 ,   7 519
Costa Marques,  1 100 080 ,   12 627
Espigão D'Oeste,  1 100 098 ,   29 414
Guajará-Mirim,  1 100 106 ,   39 387
Jaru,  1 100 114 ,   50 591
Ji-Paraná,  1 100 122 ,   124 333
Machadinho D'Oeste,  1 100 130 ,   30 707
Nova Brasilândia D'Oeste,  1 100 148 ,   15 679
Ouro Preto do Oeste,  1 100 155 ,   35 044
Pimenta Bueno,  1 100 189 ,   35 079
Porto Velho,  1 100 205 ,   460 434
Presidente Médici,  1 100 254 ,   19 327
Rio Crespo,  1 100 262 ,   3 471
Rolim de Moura,  1 100 288 ,   56 406
Santa Luzia D'Oeste,  1 100 296 ,   7 419
Vilhena,  1 100 304 ,   95 832
São Miguel do Guaporé,  1 100 320 ,   21 635
Nova Mamoré,  1 100 338 ,   25 444
Alvorada D'Oeste,  1 100 346 ,   13 117
Alto Alegre dos Parecis,  1 100 379 ,   11 479
Alto Paraíso,  1 100 403 ,   16 320
Buritis,  1 100 452 ,   27 992
Novo Horizonte do Oeste,  1 100 502 ,   7 667
Cacaulândia,  1 100 601 ,   4 150
Campo Novo de Rondônia,  1 100 700 ,   8 844
Candeias do Jamari,  1 100 809 ,   22 310
Castanheiras,  1 100 908 ,   3 233
Chupinguaia,  1 100 924 ,   9 324
Cujubim,  1 100 940 ,   14 863
Governador Jorge Teixeira,  1 101 005 ,   8 001
Itapuã do Oeste,  1 101 104 ,   8 548
Ministro Andreazza,  1 101 203 ,   6 466
Mirante da Serra,  1 101 302 ,   9 235
Monte Negro,  1 101 401 ,   11 548
Nova União,  1 101 435 ,   6 200
Parecis,  1 101 450 ,   4 125
Pimenteiras do Oeste,  1 101 468 ,   2 156
Primavera de Rondônia,  1 101 476 ,   3 076
São Felipe D'Oeste,  1 101 484 ,   5 258
São Francisco do Guaporé,  1 101 492 ,   16 286
Seringueiras,  1 101 500 ,   11 171
Teixeirópolis,  1 101 559 ,   4 256
Theobroma,  1 101 609 ,   8 113
Urupá,  1 101 708 ,   10 725
Vale do Anari,  1 101 757 ,   7 788
Vale do Paraíso,  1 101 807 ,   6 479
Acrelândia,  1 200 013 ,   14 021
Assis Brasil,  1 200 054 ,   8 100
Brasiléia,  1 200 104 ,   26 000
Bujari,  1 200 138 ,   12 917
Capixaba,  1 200 179 ,   10 392
Cruzeiro do Sul,  1 200 203 ,   91 888
Epitaciolândia,  1 200 252 ,   18 757
Feijó,  1 200 302 ,   35 426
Jordão,  1 200 328 ,   9 222
Mâncio Lima,  1 200 336 ,   19 294
Manoel Urbano,  1 200 344 ,   11 996
Marechal Thaumaturgo,  1 200 351 ,   17 093
Plácido de Castro,  1 200 385 ,   16 560
Porto Walter,  1 200 393 ,   10 735
Rio Branco,  1 200 401 ,   364 756
Rodrigues Alves,  1 200 427 ,   14 938
Santa Rosa do Purus,  1 200 435 ,   6 723
Senador Guiomard,  1 200 450 ,   21 454
Sena Madureira,  1 200 500 ,   41 343
Tarauacá,  1 200 609 ,   43 467
Xapuri,  1 200 708 ,   18 243
Porto Acre,  1 200 807 ,   16 693
Alvarães,  1 300 029 ,   15 866
Amaturá,  1 300 060 ,   10 819
Anamã,  1 300 086 ,   9 962
Anori,  1 300 102 ,   17 194
Apuí,  1 300 144 ,   20 647
Atalaia do Norte,  1 300 201 ,   15 314
Autazes,  1 300 300 ,   41 564
Barcelos,  1 300 409 ,   18 834
Barreirinha,  1 300 508 ,   31 051
Benjamin Constant,  1 300 607 ,   37 648
Beruri,  1 300 631 ,   20 718
Boa Vista do Ramos,  1 300 680 ,   23 785
Boca do Acre,  1 300 706 ,   35 447
Borba,  1 300 805 ,   33 080
Caapiranga,  1 300 839 ,   13 469
Canutama,  1 300 904 ,   16 869
Carauari,  1 301 001 ,   28 742
Careiro,  1 301 100 ,   30 792
Careiro da Várzea,  1 301 159 ,   19 637
Coari,  1 301 209 ,   70 616
Codajás,  1 301 308 ,   23 549
Eirunepé,  1 301 407 ,   33 170
Envira,  1 301 506 ,   17 186
Fonte Boa,  1 301 605 ,   25 871
Guajará,  1 301 654 ,   13 815
Humaitá,  1 301 704 ,   57 473
Ipixuna,  1 301 803 ,   24 311
Iranduba,  1 301 852 ,   61 163
Itacoatiara,  1 301 902 ,   103 598
Itamarati,  1 301 951 ,   10 937
Itapiranga,  1 302 009 ,   10 162
Japurá,  1 302 108 ,   8 858
Juruá,  1 302 207 ,   10 742
Jutaí,  1 302 306 ,   25 172
Lábrea,  1 302 405 ,   45 448
Manacapuru,  1 302 504 ,   101 883
Manaquiri,  1 302 553 ,   17 107
Manaus,  1 302 603 ,  2 063 689
Manicoré,  1 302 702 ,   53 914
Maraã,  1 302 801 ,   15 529
Maués,  1 302 900 ,   61 204
Nhamundá,  1 303 007 ,   20 136
Nova Olinda do Norte,  1 303 106 ,   27 062
Novo Airão,  1 303 205 ,   15 761
Novo Aripuanã,  1 303 304 ,   23 818
Parintins,  1 303 403 ,   96 372
Pauini,  1 303 502 ,   19 373
Presidente Figueiredo,  1 303 536 ,   30 668
Rio Preto da Eva,  1 303 569 ,   24 936
Santa Isabel do Rio Negro,  1 303 601 ,   14 164
Santo Antônio do Içá,  1 303 700 ,   28 211
São Gabriel da Cachoeira,  1 303 809 ,   51 795
São Paulo de Olivença,  1 303 908 ,   32 967
São Sebastião do Uatumã,  1 303 957 ,   11 670
Silves,  1 304 005 ,   11 559
Tabatinga,  1 304 062 ,   66 764
Tapauá,  1 304 104 ,   19 599
Tefé,  1 304 203 ,   73 669
Tonantins,  1 304 237 ,   19 247
Uarini,  1 304 260 ,   14 431
Urucará,  1 304 302 ,   18 631
Urucurituba,  1 304 401 ,   23 945
Amajari,  1 400 027 ,   13 927
Alto Alegre,  1 400 050 ,   21 096
Boa Vista,  1 400 100 ,   413 486
Bonfim,  1 400 159 ,   13 923
Cantá,  1 400 175 ,   18 682
Caracaraí,  1 400 209 ,   20 957
Caroebe,  1 400 233 ,   10 656
Iracema,  1 400 282 ,   10 023
Mucajaí,  1 400 308 ,   18 095
Normandia,  1 400 407 ,   13 986
Pacaraima,  1 400 456 ,   19 305
Rorainópolis,  1 400 472 ,   32 647
São João da Baliza,  1 400 506 ,   8 858
São Luiz,  1 400 605 ,   7 315
Uiramutã,  1 400 704 ,   13 751
Abaetetuba,  1 500 107 ,   158 188
Abel Figueiredo,  1 500 131 ,   6 136
Acará,  1 500 206 ,   59 023
Afuá,  1 500 305 ,   37 765
Água Azul do Norte,  1 500 347 ,   18 080
Alenquer,  1 500 404 ,   69 377
Almeirim,  1 500 503 ,   34 280
Altamira,  1 500 602 ,   126 279
Anajás,  1 500 701 ,   28 011
Ananindeua,  1 500 800 ,   478 778
Anapu,  1 500 859 ,   31 850
Augusto Corrêa,  1 500 909 ,   44 573
Aurora do Pará,  1 500 958 ,   23 774
Aveiro,  1 501 006 ,   18 290
Bagre,  1 501 105 ,   31 892
Baião,  1 501 204 ,   51 641
Bannach,  1 501 253 ,   4 031
Barcarena,  1 501 303 ,   126 650
Belém,  1 501 402 ,  1 303 403
Belterra,  1 501 451 ,   18 099
Benevides,  1 501 501 ,   63 567
Bom Jesus do Tocantins,  1 501 576 ,   18 005
Bonito,  1 501 600 ,   12 622
Bragança,  1 501 709 ,   123 082
Brasil Novo,  1 501 725 ,   24 718
Brejo Grande do Araguaia,  1 501 758 ,   6 783
Breu Branco,  1 501 782 ,   45 712
Breves,  1 501 808 ,   106 968
Bujaru,  1 501 907 ,   24 383
Cachoeira do Piriá,  1 501 956 ,   19 630
Cachoeira do Arari,  1 502 004 ,   23 981
Cametá,  1 502 103 ,   134 184
Canaã dos Carajás,  1 502 152 ,   77 079
Capanema,  1 502 202 ,   70 394
Capitão Poço,  1 502 301 ,   56 506
Castanhal,  1 502 400 ,   192 256
Chaves,  1 502 509 ,   20 757
Colares,  1 502 608 ,   12 868
Conceição do Araguaia,  1 502 707 ,   44 617
Concórdia do Pará,  1 502 756 ,   26 881
Cumaru do Norte,  1 502 764 ,   14 036
Curionópolis,  1 502 772 ,   19 950
Curralinho,  1 502 806 ,   33 903
Curuá,  1 502 855 ,   14 117
Curuçá,  1 502 905 ,   41 262
Dom Eliseu,  1 502 939 ,   58 484
Eldorado do Carajás,  1 502 954 ,   28 192
Faro,  1 503 002 ,   8 728
Floresta do Araguaia,  1 503 044 ,   17 898
Garrafão do Norte,  1 503 077 ,   24 703
Goianésia do Pará,  1 503 093 ,   26 362
Gurupá,  1 503 101 ,   31 786
Igarapé-Açu,  1 503 200 ,   35 797
Igarapé-Miri,  1 503 309 ,   64 831
Inhangapi,  1 503 408 ,   10 325
Ipixuna do Pará,  1 503 457 ,   30 329
Irituia,  1 503 507 ,   30 955
Itaituba,  1 503 606 ,   123 314
Itupiranga,  1 503 705 ,   49 754
Jacareacanga,  1 503 754 ,   24 042
Jacundá,  1 503 804 ,   37 707
Juruti,  1 503 903 ,   50 881
Limoeiro do Ajuru,  1 504 000 ,   29 569
Mãe do Rio,  1 504 059 ,   34 353
Magalhães Barata,  1 504 109 ,   8 115
Marabá,  1 504 208 ,   266 533
Maracanã,  1 504 307 ,   25 971
Marapanim,  1 504 406 ,   26 573
Marituba,  1 504 422 ,   111 785
Medicilândia,  1 504 455 ,   27 094
Melgaço,  1 504 505 ,   27 881
Mocajuba,  1 504 604 ,   27 198
Moju,  1 504 703 ,   84 094
Mojuí dos Campos,  1 504 752 ,   23 501
Monte Alegre,  1 504 802 ,   60 012
Muaná,  1 504 901 ,   45 368
Nova Esperança do Piriá,  1 504 950 ,   20 478
Nova Ipixuna,  1 504 976 ,   13 955
Nova Timboteua,  1 505 007 ,   12 806
Novo Progresso,  1 505 031 ,   33 638
Novo Repartimento,  1 505 064 ,   60 732
Óbidos,  1 505 106 ,   52 229
Oeiras do Pará,  1 505 205 ,   33 844
Oriximiná,  1 505 304 ,   68 294
Ourém,  1 505 403 ,   17 855
Ourilândia do Norte,  1 505 437 ,   32 467
Pacajá,  1 505 486 ,   41 097
Palestina do Pará,  1 505 494 ,   6 885
Paragominas,  1 505 502 ,   105 550
Parauapebas,  1 505 536 ,   267 836
Pau D'Arco,  1 505 551 ,   6 931
Peixe-Boi,  1 505 601 ,   8 285
Piçarra,  1 505 635 ,   12 832
Placas,  1 505 650 ,   18 668
Ponta de Pedras,  1 505 700 ,   24 984
Portel,  1 505 809 ,   62 503
Porto de Moz,  1 505 908 ,   40 597
Prainha,  1 506 005 ,   35 577
Primavera,  1 506 104 ,   10 851
Quatipuru,  1 506 112 ,   11 524
Redenção,  1 506 138 ,   85 597
Rio Maria,  1 506 161 ,   18 384
Rondon do Pará,  1 506 187 ,   53 143
Rurópolis,  1 506 195 ,   35 769
Salinópolis,  1 506 203 ,   44 772
Salvaterra,  1 506 302 ,   24 129
Santa Bárbara do Pará,  1 506 351 ,   21 087
Santa Cruz do Arari,  1 506 401 ,   7 445
Santa Izabel do Pará,  1 506 500 ,   73 019
Santa Luzia do Pará,  1 506 559 ,   20 370
Santa Maria das Barreiras,  1 506 583 ,   16 548
Santa Maria do Pará,  1 506 609 ,   24 624
Santana do Araguaia,  1 506 708 ,   32 413
Santarém,  1 506 807 ,   331 942
Santarém Novo,  1 506 906 ,   6 116
Santo Antônio do Tauá,  1 507 003 ,   27 461
São Caetano de Odivelas,  1 507 102 ,   16 666
São Domingos do Araguaia,  1 507 151 ,   21 092
São Domingos do Capim,  1 507 201 ,   30 599
São Félix do Xingu,  1 507 300 ,   65 418
São Francisco do Pará,  1 507 409 ,   14 894
São Geraldo do Araguaia,  1 507 458 ,   24 255
São João da Ponta,  1 507 466 ,   4 430
São João de Pirabas,  1 507 474 ,   20 689
São João do Araguaia,  1 507 508 ,   13 664
São Miguel do Guamá,  1 507 607 ,   52 894
São Sebastião da Boa Vista,  1 507 706 ,   25 643
Sapucaia,  1 507 755 ,   5 847
Senador José Porfírio,  1 507 805 ,   22 576
Soure,  1 507 904 ,   24 204
Tailândia,  1 507 953 ,   72 493
Terra Alta,  1 507 961 ,   10 400
Terra Santa,  1 507 979 ,   18 782
Tomé-Açu,  1 508 001 ,   67 585
Tracuateua,  1 508 035 ,   28 595
Trairão,  1 508 050 ,   15 242
Tucumã,  1 508 084 ,   39 550
Tucuruí,  1 508 100 ,   91 306
Ulianópolis,  1 508 126 ,   37 972
Uruará,  1 508 159 ,   43 558
Vigia,  1 508 209 ,   50 832
Viseu,  1 508 308 ,   58 692
Vitória do Xingu,  1 508 357 ,   15 607
Xinguara,  1 508 407 ,   52 893
Serra do Navio,  1 600 055 ,   4 673
Amapá,  1 600 105 ,   7 943
Pedra Branca do Amapari,  1 600 154 ,   12 847
Calçoene,  1 600 204 ,   10 612
Cutias,  1 600 212 ,   4 461
Ferreira Gomes,  1 600 238 ,   6 666
Itaubal,  1 600 253 ,   5 599
Laranjal do Jari,  1 600 279 ,   35 114
Macapá,  1 600 303 ,   442 933
Mazagão,  1 600 402 ,   21 924
Oiapoque,  1 600 501 ,   27 482
Porto Grande,  1 600 535 ,   17 848
Pracuúba,  1 600 550 ,   3 803
Santana,  1 600 600 ,   107 618
Tartarugalzinho,  1 600 709 ,   12 945
Vitória do Jari,  1 600 808 ,   11 291
Abreulândia,  1 700 251 ,   2 576
Aguiarnópolis,  1 700 301 ,   4 497
Aliança do Tocantins,  1 700 350 ,   5 147
Almas,  1 700 400 ,   6 499
Alvorada,  1 700 707 ,   8 802
Ananás,  1 701 002 ,   10 325
Angico,  1 701 051 ,   2 876
Aparecida do Rio Negro,  1 701 101 ,   4 856
Aragominas,  1 701 309 ,   5 290
Araguacema,  1 701 903 ,   5 927
Araguaçu,  1 702 000 ,   8 133
Araguaína,  1 702 109 ,   171 301
Araguanã,  1 702 158 ,   4 310
Araguatins,  1 702 208 ,   31 918
Arapoema,  1 702 307 ,   5 550
Arraias,  1 702 406 ,   10 287
Augustinópolis,  1 702 554 ,   17 484
Aurora do Tocantins,  1 702 703 ,   3 342
Axixá do Tocantins,  1 702 901 ,   10 262
Babaçulândia,  1 703 008 ,   7 880
Bandeirantes do Tocantins,  1 703 057 ,   3 407
Barra do Ouro,  1 703 073 ,   4 476
Barrolândia,  1 703 107 ,   4 846
Bernardo Sayão,  1 703 206 ,   4 229
Bom Jesus do Tocantins,  1 703 305 ,   4 038
Brasilândia do Tocantins,  1 703 602 ,   1 974
Brejinho de Nazaré,  1 703 701 ,   4 725
Buriti do Tocantins,  1 703 800 ,   10 307
Cachoeirinha,  1 703 826 ,   1 961
Campos Lindos,  1 703 842 ,   8 653
Cariri do Tocantins,  1 703 867 ,   4 007
Carmolândia,  1 703 883 ,   2 201
Carrasco Bonito,  1 703 891 ,   3 318
Caseara,  1 703 909 ,   4 847
Centenário,  1 704 105 ,   2 131
Chapada de Areia,  1 704 600 ,   1 501
Chapada da Natividade,  1 705 102 ,   3 117
Colinas do Tocantins,  1 705 508 ,   34 233
Combinado,  1 705 557 ,   4 756
Conceição do Tocantins,  1 705 607 ,   3 887
Couto Magalhães,  1 706 001 ,   5 331
Cristalândia,  1 706 100 ,   6 371
Crixás do Tocantins,  1 706 258 ,   1 470
Darcinópolis,  1 706 506 ,   5 827
Dianópolis,  1 707 009 ,   17 739
Divinópolis do Tocantins,  1 707 108 ,   7 024
Dois Irmãos do Tocantins,  1 707 207 ,   6 327
Dueré,  1 707 306 ,   4 248
Esperantina,  1 707 405 ,   7 530
Fátima,  1 707 553 ,   3 467
Figueirópolis,  1 707 652 ,   5 211
Filadélfia,  1 707 702 ,   7 712
Formoso do Araguaia,  1 708 205 ,   18 881
Tabocão,  1 708 254 ,   3 455
Goianorte,  1 708 304 ,   4 738
Goiatins,  1 709 005 ,   12 433
Guaraí,  1 709 302 ,   24 775
Gurupi,  1 709 500 ,   85 125
Ipueiras,  1 709 807 ,   1 590
Itacajá,  1 710 508 ,   6 819
Itaguatins,  1 710 706 ,   5 172
Itapiratins,  1 710 904 ,   3 577
Itaporã do Tocantins,  1 711 100 ,   2 404
Jaú do Tocantins,  1 711 506 ,   3 334
Juarina,  1 711 803 ,   2 243
Lagoa da Confusão,  1 711 902 ,   15 288
Lagoa do Tocantins,  1 711 951 ,   3 516
Lajeado,  1 712 009 ,   3 357
Lavandeira,  1 712 157 ,   1 626
Lizarda,  1 712 405 ,   2 999
Luzinópolis,  1 712 454 ,   2 717
Marianópolis do Tocantins,  1 712 504 ,   4 615
Mateiros,  1 712 702 ,   2 748
Maurilândia do Tocantins,  1 712 801 ,   3 095
Miracema do Tocantins,  1 713 205 ,   18 566
Miranorte,  1 713 304 ,   12 701
Monte do Carmo,  1 713 601 ,   5 694
Monte Santo do Tocantins,  1 713 700 ,   2 396
Palmeiras do Tocantins,  1 713 809 ,   4 872
Muricilândia,  1 713 957 ,   3 367
Natividade,  1 714 203 ,   8 754
Nazaré,  1 714 302 ,   4 521
Nova Olinda,  1 714 880 ,   10 367
Nova Rosalândia,  1 715 002 ,   3 362
Novo Acordo,  1 715 101 ,   3 969
Novo Alegre,  1 715 150 ,   1 846
Novo Jardim,  1 715 259 ,   2 230
Oliveira de Fátima,  1 715 507 ,   1 164
Palmeirante,  1 715 705 ,   4 798
Palmeirópolis,  1 715 754 ,   6 975
Paraíso do Tocantins,  1 716 109 ,   52 360
Paranã,  1 716 208 ,   10 542
Pau D'Arco,  1 716 307 ,   4 043
Pedro Afonso,  1 716 505 ,   14 055
Peixe,  1 716 604 ,   9 317
Pequizeiro,  1 716 653 ,   4 921
Colméia,  1 716 703 ,   8 941
Pindorama do Tocantins,  1 717 008 ,   4 478
Piraquê,  1 717 206 ,   2 282
Pium,  1 717 503 ,   7 128
Ponte Alta do Bom Jesus,  1 717 800 ,   4 220
Ponte Alta do Tocantins,  1 717 909 ,   7 586
Porto Alegre do Tocantins,  1 718 006 ,   2 866
Porto Nacional,  1 718 204 ,   64 418
Praia Norte,  1 718 303 ,   9 044
Presidente Kennedy,  1 718 402 ,   3 047
Pugmil,  1 718 451 ,   2 193
Recursolândia,  1 718 501 ,   3 421
Riachinho,  1 718 550 ,   3 960
Rio da Conceição,  1 718 659 ,   1 768
Rio dos Bois,  1 718 709 ,   2 738
Rio Sono,  1 718 758 ,   4 841
Sampaio,  1 718 808 ,   4 215
Sandolândia,  1 718 840 ,   3 723
Santa Fé do Araguaia,  1 718 865 ,   7 216
Santa Maria do Tocantins,  1 718 881 ,   2 680
Santa Rita do Tocantins,  1 718 899 ,   2 219
Santa Rosa do Tocantins,  1 718 907 ,   4 653
Santa Tereza do Tocantins,  1 719 004 ,   2 781
Santa Terezinha do Tocantins,  1 720 002 ,   2 406
São Bento do Tocantins,  1 720 101 ,   5 654
São Félix do Tocantins,  1 720 150 ,   1 783
São Miguel do Tocantins,  1 720 200 ,   13 241
São Salvador do Tocantins,  1 720 259 ,   2 385
São Sebastião do Tocantins,  1 720 309 ,   4 100
São Valério,  1 720 499 ,   4 422
Silvanópolis,  1 720 655 ,   5 108
Sítio Novo do Tocantins,  1 720 804 ,   10 830
Sucupira,  1 720 853 ,   1 577
Taguatinga,  1 720 903 ,   14 011
Taipas do Tocantins,  1 720 937 ,   2 021
Talismã,  1 720 978 ,   2 456
Palmas,  1 721 000 ,   302 692
Tocantínia,  1 721 109 ,   7 459
Tocantinópolis,  1 721 208 ,   22 615
Tupirama,  1 721 257 ,   1 909
Tupiratins,  1 721 307 ,   1 874
Wanderlândia,  1 722 081 ,   10 522
Xambioá,  1 722 107 ,   10 517
Açailândia,  2 100 055 ,   106 550
Afonso Cunha,  2 100 105 ,   6 144
Água Doce do Maranhão,  2 100 154 ,   12 142
Alcântara,  2 100 204 ,   18 467
Aldeias Altas,  2 100 303 ,   23 286
Altamira do Maranhão,  2 100 402 ,   6 447
Alto Alegre do Maranhão,  2 100 436 ,   24 048
Alto Alegre do Pindaré,  2 100 477 ,   25 710
Alto Parnaíba,  2 100 501 ,   11 109
Amapá do Maranhão,  2 100 550 ,   7 170
Amarante do Maranhão,  2 100 600 ,   37 085
Anajatuba,  2 100 709 ,   25 322
Anapurus,  2 100 808 ,   13 793
Apicum-Açu,  2 100 832 ,   17 519
Araguanã,  2 100 873 ,   11 181
Araioses,  2 100 907 ,   39 052
Arame,  2 100 956 ,   25 517
Arari,  2 101 004 ,   29 472
Axixá,  2 101 103 ,   11 790
Bacabal,  2 101 202 ,   103 711
Bacabeira,  2 101 251 ,   16 966
Bacuri,  2 101 301 ,   16 290
Bacurituba,  2 101 350 ,   5 252
Balsas,  2 101 400 ,   101 767
Barão de Grajaú,  2 101 509 ,   18 984
Barra do Corda,  2 101 608 ,   84 532
Barreirinhas,  2 101 707 ,   65 589
Belágua,  2 101 731 ,   8 460
Bela Vista do Maranhão,  2 101 772 ,   11 750
Benedito Leite,  2 101 806 ,   5 469
Bequimão,  2 101 905 ,   19 584
Bernardo do Mearim,  2 101 939 ,   5 840
Boa Vista do Gurupi,  2 101 970 ,   7 574
Bom Jardim,  2 102 002 ,   33 100
Bom Jesus das Selvas,  2 102 036 ,   28 599
Bom Lugar,  2 102 077 ,   12 212
Brejo,  2 102 101 ,   34 120
Brejo de Areia,  2 102 150 ,   9 218
Buriti,  2 102 200 ,   29 685
Buriti Bravo,  2 102 309 ,   22 455
Buriticupu,  2 102 325 ,   55 499
Buritirana,  2 102 358 ,   12 918
Cachoeira Grande,  2 102 374 ,   9 732
Cajapió,  2 102 408 ,   10 121
Cajari,  2 102 507 ,   16 412
Campestre do Maranhão,  2 102 556 ,   12 301
Cândido Mendes,  2 102 606 ,   19 932
Cantanhede,  2 102 705 ,   24 303
Capinzal do Norte,  2 102 754 ,   11 374
Carolina,  2 102 804 ,   24 062
Carutapera,  2 102 903 ,   24 238
Caxias,  2 103 000 ,   156 973
Cedral,  2 103 109 ,   10 208
Central do Maranhão,  2 103 125 ,   7 094
Centro do Guilherme,  2 103 158 ,   12 342
Centro Novo do Maranhão,  2 103 174 ,   16 267
Chapadinha,  2 103 208 ,   81 386
Cidelândia,  2 103 257 ,   12 878
Codó,  2 103 307 ,   114 275
Coelho Neto,  2 103 406 ,   41 658
Colinas,  2 103 505 ,   40 316
Conceição do Lago-Açu,  2 103 554 ,   14 915
Coroatá,  2 103 604 ,   59 566
Cururupu,  2 103 703 ,   31 558
Davinópolis,  2 103 752 ,   14 404
Dom Pedro,  2 103 802 ,   23 053
Duque Bacelar,  2 103 901 ,   10 223
Esperantinópolis,  2 104 008 ,   18 311
Estreito,  2 104 057 ,   33 294
Feira Nova do Maranhão,  2 104 073 ,   8 048
Fernando Falcão,  2 104 081 ,   10 873
Formosa da Serra Negra,  2 104 099 ,   17 719
Fortaleza dos Nogueiras,  2 104 107 ,   12 640
Fortuna,  2 104 206 ,   16 976
Godofredo Viana,  2 104 305 ,   10 186
Gonçalves Dias,  2 104 404 ,   17 206
Governador Archer,  2 104 503 ,   10 231
Governador Edison Lobão,  2 104 552 ,   18 411
Governador Eugênio Barros,  2 104 602 ,   13 930
Governador Luiz Rocha,  2 104 628 ,   7 063
Governador Newton Bello,  2 104 651 ,   10 713
Governador Nunes Freire,  2 104 677 ,   23 128
Graça Aranha,  2 104 701 ,   6 023
Grajaú,  2 104 800 ,   73 872
Guimarães,  2 104 909 ,   10 290
Humberto de Campos,  2 105 005 ,   25 680
Icatu,  2 105 104 ,   24 794
Igarapé do Meio,  2 105 153 ,   13 974
Igarapé Grande,  2 105 203 ,   10 231
Imperatriz,  2 105 302 ,   273 110
Itaipava do Grajaú,  2 105 351 ,   13 828
Itapecuru Mirim,  2 105 401 ,   60 440
Itinga do Maranhão,  2 105 427 ,   22 513
Jatobá,  2 105 450 ,   7 471
Jenipapo dos Vieiras,  2 105 476 ,   17 076
João Lisboa,  2 105 500 ,   24 709
Joselândia,  2 105 609 ,   14 924
Junco do Maranhão,  2 105 658 ,   5 146
Lago da Pedra,  2 105 708 ,   44 403
Lago do Junco,  2 105 807 ,   9 506
Lago Verde,  2 105 906 ,   14 769
Lagoa do Mato,  2 105 922 ,   10 572
Lago dos Rodrigues,  2 105 948 ,   8 758
Lagoa Grande do Maranhão,  2 105 963 ,   11 411
Lajeado Novo,  2 105 989 ,   7 057
Lima Campos,  2 106 003 ,   11 297
Loreto,  2 106 102 ,   11 597
Luís Domingues,  2 106 201 ,   7 161
Magalhães de Almeida,  2 106 300 ,   13 807
Maracaçumé,  2 106 326 ,   21 149
Marajá do Sena,  2 106 359 ,   7 027
Maranhãozinho,  2 106 375 ,   13 761
Mata Roma,  2 106 409 ,   17 090
Matinha,  2 106 508 ,   22 034
Matões,  2 106 607 ,   32 174
Matões do Norte,  2 106 631 ,   17 432
Milagres do Maranhão,  2 106 672 ,   8 818
Mirador,  2 106 706 ,   21 030
Miranda do Norte,  2 106 755 ,   23 864
Mirinzal,  2 106 805 ,   13 978
Monção,  2 106 904 ,   27 751
Montes Altos,  2 107 001 ,   9 106
Morros,  2 107 100 ,   18 554
Nina Rodrigues,  2 107 209 ,   14 176
Nova Colinas,  2 107 258 ,   5 021
Nova Iorque,  2 107 308 ,   4 320
Nova Olinda do Maranhão,  2 107 357 ,   14 314
Olho d'Água das Cunhãs,  2 107 407 ,   17 919
Olinda Nova do Maranhão,  2 107 456 ,   13 577
Paço do Lumiar,  2 107 506 ,   145 643
Palmeirândia,  2 107 605 ,   21 059
Paraibano,  2 107 704 ,   18 274
Parnarama,  2 107 803 ,   31 250
Passagem Franca,  2 107 902 ,   17 220
Pastos Bons,  2 108 009 ,   18 802
Paulino Neves,  2 108 058 ,   17 056
Paulo Ramos,  2 108 108 ,   20 341
Pedreiras,  2 108 207 ,   37 050
Pedro do Rosário,  2 108 256 ,   24 320
Penalva,  2 108 306 ,   32 511
Peri Mirim,  2 108 405 ,   11 108
Peritoró,  2 108 454 ,   20 479
Pindaré-Mirim,  2 108 504 ,   31 429
Pinheiro,  2 108 603 ,   84 621
Pio XII,  2 108 702 ,   21 886
Pirapemas,  2 108 801 ,   17 714
Poção de Pedras,  2 108 900 ,   17 161
Porto Franco,  2 109 007 ,   23 903
Porto Rico do Maranhão,  2 109 056 ,   5 954
Presidente Dutra,  2 109 106 ,   45 155
Presidente Juscelino,  2 109 205 ,   11 356
Presidente Médici,  2 109 239 ,   4 696
Presidente Sarney,  2 109 270 ,   17 511
Presidente Vargas,  2 109 304 ,   10 549
Primeira Cruz,  2 109 403 ,   13 614
Raposa,  2 109 452 ,   30 839
Riachão,  2 109 502 ,   22 145
Ribamar Fiquene,  2 109 551 ,   7 420
Rosário,  2 109 601 ,   38 475
Sambaíba,  2 109 700 ,   5 568
Santa Filomena do Maranhão,  2 109 759 ,   6 697
Santa Helena,  2 109 809 ,   41 561
Santa Inês,  2 109 908 ,   85 014
Santa Luzia,  2 110 005 ,   57 635
Santa Luzia do Paruá,  2 110 039 ,   24 307
Santa Quitéria do Maranhão,  2 110 104 ,   23 957
Santa Rita,  2 110 203 ,   37 035
Santana do Maranhão,  2 110 237 ,   10 567
Santo Amaro do Maranhão,  2 110 278 ,   13 949
Santo Antônio dos Lopes,  2 110 302 ,   14 304
São Benedito do Rio Preto,  2 110 401 ,   18 364
São Bento,  2 110 500 ,   46 395
São Bernardo,  2 110 609 ,   26 943
São Domingos do Azeitão,  2 110 658 ,   7 992
São Domingos do Maranhão,  2 110 708 ,   34 034
São Félix de Balsas,  2 110 807 ,   4 402
São Francisco do Brejão,  2 110 856 ,   9 051
São Francisco do Maranhão,  2 110 906 ,   12 064
São João Batista,  2 111 003 ,   18 544
São João do Carú,  2 111 029 ,   12 251
São João do Paraíso,  2 111 052 ,   9 904
São João do Soter,  2 111 078 ,   16 889
São João dos Patos,  2 111 102 ,   25 020
São José de Ribamar,  2 111 201 ,   244 579
São José dos Basílios,  2 111 250 ,   6 957
São Luís,  2 111 300 ,  1 037 775
São Luís Gonzaga do Maranhão,  2 111 409 ,   17 818
São Mateus do Maranhão,  2 111 508 ,   38 829
São Pedro da Água Branca,  2 111 532 ,   14 338
São Pedro dos Crentes,  2 111 573 ,   5 783
São Raimundo das Mangabeiras,  2 111 607 ,   18 672
São Raimundo do Doca Bezerra,  2 111 631 ,   5 650
São Roberto,  2 111 672 ,   4 544
São Vicente Ferrer,  2 111 706 ,   19 498
Satubinha,  2 111 722 ,   8 784
Senador Alexandre Costa,  2 111 748 ,   10 207
Senador La Rocque,  2 111 763 ,   14 700
Serrano do Maranhão,  2 111 789 ,   10 202
Sítio Novo,  2 111 805 ,   17 074
Sucupira do Norte,  2 111 904 ,   10 238
Sucupira do Riachão,  2 111 953 ,   4 985
Tasso Fragoso,  2 112 001 ,   8 862
Timbiras,  2 112 100 ,   26 484
Timon,  2 112 209 ,   174 465
Trizidela do Vale,  2 112 233 ,   22 484
Tufilândia,  2 112 274 ,   5 507
Tuntum,  2 112 308 ,   36 251
Turiaçu,  2 112 407 ,   37 491
Turilândia,  2 112 456 ,   31 638
Tutóia,  2 112 506 ,   53 356
Urbano Santos,  2 112 605 ,   32 812
Vargem Grande,  2 112 704 ,   43 261
Viana,  2 112 803 ,   51 442
Vila Nova dos Martírios,  2 112 852 ,   10 362
Vitória do Mearim,  2 112 902 ,   30 805
Vitorino Freire,  2 113 009 ,   30 845
Zé Doca,  2 114 007 ,   40 801
Acauã,  2 200 053 ,   6 420
Agricolândia,  2 200 103 ,   4 940
Água Branca,  2 200 202 ,   17 573
Alagoinha do Piauí,  2 200 251 ,   6 819
Alegrete do Piauí,  2 200 277 ,   4 634
Alto Longá,  2 200 301 ,   13 479
Altos,  2 200 400 ,   47 453
Alvorada do Gurguéia,  2 200 459 ,   5 322
Amarante,  2 200 509 ,   17 234
Angical do Piauí,  2 200 608 ,   6 827
Anísio de Abreu,  2 200 707 ,   9 407
Antônio Almeida,  2 200 806 ,   3 152
Aroazes,  2 200 905 ,   5 369
Aroeiras do Itaim,  2 200 954 ,   2 690
Arraial,  2 201 002 ,   4 520
Assunção do Piauí,  2 201 051 ,   7 452
Avelino Lopes,  2 201 101 ,   10 866
Baixa Grande do Ribeiro,  2 201 150 ,   13 272
Barra D'Alcântara,  2 201 176 ,   3 995
Barras,  2 201 200 ,   47 938
Barreiras do Piauí,  2 201 309 ,   3 264
Barro Duro,  2 201 408 ,   6 640
Batalha,  2 201 507 ,   26 300
Bela Vista do Piauí,  2 201 556 ,   4 091
Belém do Piauí,  2 201 572 ,   3 423
Beneditinos,  2 201 606 ,   9 929
Bertolínia,  2 201 705 ,   5 562
Betânia do Piauí,  2 201 739 ,   6 220
Boa Hora,  2 201 770 ,   6 902
Bocaina,  2 201 804 ,   4 078
Bom Jesus,  2 201 903 ,   28 796
Bom Princípio do Piauí,  2 201 919 ,   5 636
Bonfim do Piauí,  2 201 929 ,   5 913
Boqueirão do Piauí,  2 201 945 ,   6 545
Brasileira,  2 201 960 ,   8 436
Brejo do Piauí,  2 201 988 ,   3 904
Buriti dos Lopes,  2 202 000 ,   19 654
Buriti dos Montes,  2 202 026 ,   7 434
Cabeceiras do Piauí,  2 202 059 ,   10 212
Cajazeiras do Piauí,  2 202 075 ,   3 108
Cajueiro da Praia,  2 202 083 ,   7 957
Caldeirão Grande do Piauí,  2 202 091 ,   5 503
Campinas do Piauí,  2 202 109 ,   4 938
Campo Alegre do Fidalgo,  2 202 117 ,   4 616
Campo Grande do Piauí,  2 202 133 ,   6 020
Campo Largo do Piauí,  2 202 174 ,   7 419
Campo Maior,  2 202 208 ,   45 793
Canavieira,  2 202 251 ,   3 414
Canto do Buriti,  2 202 307 ,   19 365
Capitão de Campos,  2 202 406 ,   11 100
Capitão Gervásio Oliveira,  2 202 455 ,   3 974
Caracol,  2 202 505 ,   10 318
Caraúbas do Piauí,  2 202 539 ,   5 630
Caridade do Piauí,  2 202 554 ,   5 033
Castelo do Piauí,  2 202 604 ,   19 288
Caxingó,  2 202 653 ,   5 496
Cocal,  2 202 703 ,   28 212
Cocal de Telha,  2 202 711 ,   4 911
Cocal dos Alves,  2 202 729 ,   6 386
Coivaras,  2 202 737 ,   4 117
Colônia do Gurguéia,  2 202 752 ,   6 150
Colônia do Piauí,  2 202 778 ,   6 994
Conceição do Canindé,  2 202 802 ,   4 932
Coronel José Dias,  2 202 851 ,   4 250
Corrente,  2 202 901 ,   27 278
Cristalândia do Piauí,  2 203 008 ,   7 356
Cristino Castro,  2 203 107 ,   10 503
Curimatá,  2 203 206 ,   11 270
Currais,  2 203 230 ,   4 854
Curralinhos,  2 203 255 ,   4 413
Curral Novo do Piauí,  2 203 271 ,   5 073
Demerval Lobão,  2 203 305 ,   16 352
Dirceu Arcoverde,  2 203 354 ,   7 054
Dom Expedito Lopes,  2 203 404 ,   6 320
Domingos Mourão,  2 203 420 ,   4 075
Dom Inocêncio,  2 203 453 ,   9 159
Elesbão Veloso,  2 203 503 ,   13 607
Eliseu Martins,  2 203 602 ,   4 377
Esperantina,  2 203 701 ,   40 970
Fartura do Piauí,  2 203 750 ,   5 284
Flores do Piauí,  2 203 800 ,   4 414
Floresta do Piauí,  2 203 859 ,   2 333
Floriano,  2 203 909 ,   62 036
Francinópolis,  2 204 006 ,   4 505
Francisco Ayres,  2 204 105 ,   4 412
Francisco Macedo,  2 204 154 ,   2 929
Francisco Santos,  2 204 204 ,   8 237
Fronteiras,  2 204 303 ,   10 259
Geminiano,  2 204 352 ,   5 445
Gilbués,  2 204 402 ,   10 892
Guadalupe,  2 204 501 ,   10 270
Guaribas,  2 204 550 ,   4 276
Hugo Napoleão,  2 204 600 ,   3 518
Ilha Grande,  2 204 659 ,   9 274
Inhuma,  2 204 709 ,   14 958
Ipiranga do Piauí,  2 204 808 ,   9 420
Isaías Coelho,  2 204 907 ,   7 774
Itainópolis,  2 205 003 ,   10 790
Itaueira,  2 205 102 ,   10 323
Jacobina do Piauí,  2 205 151 ,   5 613
Jaicós,  2 205 201 ,   17 527
Jardim do Mulato,  2 205 250 ,   4 180
Jatobá do Piauí,  2 205 276 ,   4 494
Jerumenha,  2 205 300 ,   4 497
João Costa,  2 205 359 ,   2 970
Joaquim Pires,  2 205 409 ,   13 886
Joca Marques,  2 205 458 ,   5 394
José de Freitas,  2 205 508 ,   42 559
Juazeiro do Piauí,  2 205 516 ,   5 214
Júlio Borges,  2 205 524 ,   5 388
Jurema,  2 205 532 ,   4 425
Lagoinha do Piauí,  2 205 540 ,   2 939
Lagoa Alegre,  2 205 557 ,   8 256
Lagoa do Barro do Piauí,  2 205 565 ,   4 995
Lagoa de São Francisco,  2 205 573 ,   6 331
Lagoa do Piauí,  2 205 581 ,   4 810
Lagoa do Sítio,  2 205 599 ,   4 520
Landri Sales,  2 205 607 ,   5 213
Luís Correia,  2 205 706 ,   30 641
Luzilândia,  2 205 805 ,   25 375
Madeiro,  2 205 854 ,   8 032
Manoel Emídio,  2 205 904 ,   5 209
Marcolândia,  2 205 953 ,   8 533
Marcos Parente,  2 206 001 ,   4 724
Massapê do Piauí,  2 206 050 ,   5 218
Matias Olímpio,  2 206 100 ,   10 641
Miguel Alves,  2 206 209 ,   32 150
Miguel Leão,  2 206 308 ,   1 318
Milton Brandão,  2 206 357 ,   6 542
Monsenhor Gil,  2 206 407 ,   10 255
Monsenhor Hipólito,  2 206 506 ,   7 577
Monte Alegre do Piauí,  2 206 605 ,   10 660
Morro Cabeça no Tempo,  2 206 654 ,   4 377
Morro do Chapéu do Piauí,  2 206 670 ,   6 425
Murici dos Portelas,  2 206 696 ,   9 797
Nazaré do Piauí,  2 206 704 ,   6 665
Nazária,  2 206 720 ,   10 262
Nossa Senhora de Nazaré,  2 206 753 ,   5 228
Nossa Senhora dos Remédios,  2 206 803 ,   8 525
Novo Oriente do Piauí,  2 206 902 ,   6 097
Novo Santo Antônio,  2 206 951 ,   2 827
Oeiras,  2 207 009 ,   38 161
Olho D'Água do Piauí,  2 207 108 ,   2 637
Padre Marcos,  2 207 207 ,   6 382
Paes Landim,  2 207 306 ,   4 088
Pajeú do Piauí,  2 207 355 ,   3 000
Palmeira do Piauí,  2 207 405 ,   4 952
Palmeirais,  2 207 504 ,   13 264
Paquetá,  2 207 553 ,   3 813
Parnaguá,  2 207 603 ,   10 103
Parnaíba,  2 207 702 ,   162 159
Passagem Franca do Piauí,  2 207 751 ,   4 135
Patos do Piauí,  2 207 777 ,   5 425
Pau D'Arco do Piauí,  2 207 793 ,   3 880
Paulistana,  2 207 801 ,   21 055
Pavussu,  2 207 850 ,   3 628
Pedro II,  2 207 900 ,   37 894
Pedro Laurentino,  2 207 934 ,   2 458
Nova Santa Rita,  2 207 959 ,   4 076
Picos,  2 208 007 ,   83 090
Pimenteiras,  2 208 106 ,   11 341
Pio IX,  2 208 205 ,   17 613
Piracuruca,  2 208 304 ,   28 846
Piripiri,  2 208 403 ,   65 538
Porto,  2 208 502 ,   12 052
Porto Alegre do Piauí,  2 208 551 ,   2 364
Prata do Piauí,  2 208 601 ,   3 042
Queimada Nova,  2 208 650 ,   8 738
Redenção do Gurguéia,  2 208 700 ,   8 394
Regeneração,  2 208 809 ,   17 133
Riacho Frio,  2 208 858 ,   4 165
Ribeira do Piauí,  2 208 874 ,   4 055
Ribeiro Gonçalves,  2 208 908 ,   6 164
Rio Grande do Piauí,  2 209 005 ,   5 801
Santa Cruz do Piauí,  2 209 104 ,   5 831
Santa Cruz dos Milagres,  2 209 153 ,   3 435
Santa Filomena,  2 209 203 ,   6 087
Santa Luz,  2 209 302 ,   5 336
Santana do Piauí,  2 209 351 ,   4 125
Santa Rosa do Piauí,  2 209 377 ,   4 650
Santo Antônio de Lisboa,  2 209 401 ,   5 839
Santo Antônio dos Milagres,  2 209 450 ,   2 138
Santo Inácio do Piauí,  2 209 500 ,   3 646
São Braz do Piauí,  2 209 559 ,   4 358
São Félix do Piauí,  2 209 609 ,   2 842
São Francisco de Assis do Piauí,  2 209 658 ,   5 572
São Francisco do Piauí,  2 209 708 ,   5 392
São Gonçalo do Gurguéia,  2 209 757 ,   2 947
São Gonçalo do Piauí,  2 209 807 ,   4 837
São João da Canabrava,  2 209 856 ,   4 242
São João da Fronteira,  2 209 872 ,   5 522
São João da Serra,  2 209 906 ,   6 114
São João da Varjota,  2 209 955 ,   4 383
São João do Arraial,  2 209 971 ,   8 186
São João do Piauí,  2 210 003 ,   21 421
São José do Divino,  2 210 052 ,   4 841
São José do Peixe,  2 210 102 ,   3 297
São José do Piauí,  2 210 201 ,   6 597
São Julião,  2 210 300 ,   6 025
São Lourenço do Piauí,  2 210 359 ,   4 410
São Luis do Piauí,  2 210 375 ,   2 309
São Miguel da Baixa Grande,  2 210 383 ,   2 269
São Miguel do Fidalgo,  2 210 391 ,   2 829
São Miguel do Tapuio,  2 210 409 ,   17 554
São Pedro do Piauí,  2 210 508 ,   13 755
São Raimundo Nonato,  2 210 607 ,   38 934
Sebastião Barros,  2 210 623 ,   3 202
Sebastião Leal,  2 210 631 ,   4 446
Sigefredo Pacheco,  2 210 656 ,   9 460
Simões,  2 210 706 ,   14 350
Simplício Mendes,  2 210 805 ,   13 870
Socorro do Piauí,  2 210 904 ,   4 141
Sussuapara,  2 210 938 ,   6 220
Tamboril do Piauí,  2 210 953 ,   2 949
Tanque do Piauí,  2 210 979 ,   2 316
Teresina,  2 211 001 ,   866 300
União,  2 211 100 ,   46 119
Uruçuí,  2 211 209 ,   25 203
Valença do Piauí,  2 211 308 ,   22 279
Várzea Branca,  2 211 357 ,   5 055
Várzea Grande,  2 211 407 ,   4 417
Vera Mendes,  2 211 506 ,   3 185
Vila Nova do Piauí,  2 211 605 ,   2 935
Wall Ferraz,  2 211 704 ,   4 059
Abaiara,  2 300 101 ,   10 038
Acarape,  2 300 150 ,   14 027
Acaraú,  2 300 200 ,   65 264
Acopiara,  2 300 309 ,   44 962
Aiuaba,  2 300 408 ,   14 076
Alcântaras,  2 300 507 ,   11 369
Altaneira,  2 300 606 ,   6 782
Alto Santo,  2 300 705 ,   14 155
Amontada,  2 300 754 ,   42 156
Antonina do Norte,  2 300 804 ,   7 245
Apuiarés,  2 300 903 ,   12 928
Aquiraz,  2 301 000 ,   80 645
Aracati,  2 301 109 ,   75 113
Aracoiaba,  2 301 208 ,   25 553
Ararendá,  2 301 257 ,   11 096
Araripe,  2 301 307 ,   19 783
Aratuba,  2 301 406 ,   11 224
Arneiroz,  2 301 505 ,   7 429
Assaré,  2 301 604 ,   21 697
Aurora,  2 301 703 ,   23 714
Baixio,  2 301 802 ,   5 704
Banabuiú,  2 301 851 ,   17 195
Barbalha,  2 301 901 ,   75 033
Barreira,  2 301 950 ,   22 392
Barro,  2 302 008 ,   19 381
Barroquinha,  2 302 057 ,   14 567
Baturité,  2 302 107 ,   35 218
Beberibe,  2 302 206 ,   53 114
Bela Cruz,  2 302 305 ,   32 775
Boa Viagem,  2 302 404 ,   50 411
Brejo Santo,  2 302 503 ,   51 090
Camocim,  2 302 602 ,   62 326
Campos Sales,  2 302 701 ,   25 135
Canindé,  2 302 800 ,   74 174
Capistrano,  2 302 909 ,   17 254
Caridade,  2 303 006 ,   16 377
Cariré,  2 303 105 ,   17 632
Caririaçu,  2 303 204 ,   26 320
Cariús,  2 303 303 ,   17 015
Carnaubal,  2 303 402 ,   17 210
Cascavel,  2 303 501 ,   72 720
Catarina,  2 303 600 ,   10 243
Catunda,  2 303 659 ,   10 444
Caucaia,  2 303 709 ,   355 679
Cedro,  2 303 808 ,   22 344
Chaval,  2 303 907 ,   12 462
Choró,  2 303 931 ,   12 113
Chorozinho,  2 303 956 ,   20 163
Coreaú,  2 304 004 ,   20 953
Crateús,  2 304 103 ,   76 390
Crato,  2 304 202 ,   131 050
Croatá,  2 304 236 ,   17 481
Cruz,  2 304 251 ,   29 761
Deputado Irapuan Pinheiro,  2 304 269 ,   8 932
Ereré,  2 304 277 ,   6 474
Eusébio,  2 304 285 ,   74 170
Farias Brito,  2 304 301 ,   18 217
Forquilha,  2 304 350 ,   24 173
Fortaleza,  2 304 400 ,  2 428 708
Fortim,  2 304 459 ,   17 294
Frecheirinha,  2 304 509 ,   15 657
General Sampaio,  2 304 608 ,   6 734
Graça,  2 304 657 ,   13 801
Granja,  2 304 707 ,   53 344
Granjeiro,  2 304 806 ,   4 841
Groaíras,  2 304 905 ,   10 910
Guaiúba,  2 304 954 ,   24 325
Guaraciaba do Norte,  2 305 001 ,   42 053
Guaramiranga,  2 305 100 ,   5 654
Hidrolândia,  2 305 209 ,   17 855
Horizonte,  2 305 233 ,   74 755
Ibaretama,  2 305 266 ,   11 956
Ibiapina,  2 305 308 ,   23 965
Ibicuitinga,  2 305 332 ,   11 611
Icapuí,  2 305 357 ,   21 433
Icó,  2 305 407 ,   62 642
Iguatu,  2 305 506 ,   98 064
Independência,  2 305 605 ,   24 024
Ipaporanga,  2 305 654 ,   11 575
Ipaumirim,  2 305 704 ,   12 083
Ipu,  2 305 803 ,   41 081
Ipueiras,  2 305 902 ,   36 798
Iracema,  2 306 009 ,   14 001
Irauçuba,  2 306 108 ,   23 915
Itaiçaba,  2 306 207 ,   7 536
Itaitinga,  2 306 256 ,   64 650
Itapajé,  2 306 306 ,   46 426
Itapipoca,  2 306 405 ,   131 123
Itapiúna,  2 306 504 ,   17 841
Itarema,  2 306 553 ,   42 957
Itatira,  2 306 603 ,   20 424
Jaguaretama,  2 306 702 ,   17 232
Jaguaribara,  2 306 801 ,   10 356
Jaguaribe,  2 306 900 ,   33 726
Jaguaruana,  2 307 007 ,   31 701
Jardim,  2 307 106 ,   27 411
Jati,  2 307 205 ,   7 861
Jijoca de Jericoacoara,  2 307 254 ,   25 555
Juazeiro do Norte,  2 307 304 ,   286 120
Jucás,  2 307 403 ,   23 922
Lavras da Mangabeira,  2 307 502 ,   30 802
Limoeiro do Norte,  2 307 601 ,   59 560
Madalena,  2 307 635 ,   16 896
Maracanaú,  2 307 650 ,   234 509
Maranguape,  2 307 700 ,   105 093
Marco,  2 307 809 ,   25 799
Martinópole,  2 307 908 ,   10 846
Massapê,  2 308 005 ,   37 697
Mauriti,  2 308 104 ,   45 561
Meruoca,  2 308 203 ,   15 157
Milagres,  2 308 302 ,   25 900
Milhã,  2 308 351 ,   14 123
Miraíma,  2 308 377 ,   14 196
Missão Velha,  2 308 401 ,   36 822
Mombaça,  2 308 500 ,   37 735
Monsenhor Tabosa,  2 308 609 ,   17 149
Morada Nova,  2 308 708 ,   61 443
Moraújo,  2 308 807 ,   8 254
Morrinhos,  2 308 906 ,   22 753
Mucambo,  2 309 003 ,   13 666
Mulungu,  2 309 102 ,   10 569
Nova Olinda,  2 309 201 ,   15 399
Nova Russas,  2 309 300 ,   30 699
Novo Oriente,  2 309 409 ,   27 545
Ocara,  2 309 458 ,   24 493
Orós,  2 309 508 ,   19 675
Pacajus,  2 309 607 ,   70 983
Pacatuba,  2 309 706 ,   81 524
Pacoti,  2 309 805 ,   11 186
Pacujá,  2 309 904 ,   6 175
Palhano,  2 310 001 ,   9 346
Palmácia,  2 310 100 ,   10 242
Paracuru,  2 310 209 ,   38 980
Paraipaba,  2 310 258 ,   32 216
Parambu,  2 310 308 ,   31 445
Paramoti,  2 310 407 ,   10 384
Pedra Branca,  2 310 506 ,   40 187
Penaforte,  2 310 605 ,   8 972
Pentecoste,  2 310 704 ,   37 813
Pereiro,  2 310 803 ,   15 274
Pindoretama,  2 310 852 ,   23 391
Piquet Carneiro,  2 310 902 ,   16 616
Pires Ferreira,  2 310 951 ,   10 606
Poranga,  2 311 009 ,   12 065
Porteiras,  2 311 108 ,   17 050
Potengi,  2 311 207 ,   8 833
Potiretama,  2 311 231 ,   5 974
Quiterianópolis,  2 311 264 ,   20 213
Quixadá,  2 311 306 ,   84 168
Quixelô,  2 311 355 ,   15 910
Quixeramobim,  2 311 405 ,   82 177
Quixeré,  2 311 504 ,   20 874
Redenção,  2 311 603 ,   27 214
Reriutaba,  2 311 702 ,   18 606
Russas,  2 311 801 ,   72 928
Saboeiro,  2 311 900 ,   13 854
Salitre,  2 311 959 ,   16 633
Santana do Acaraú,  2 312 007 ,   30 628
Santana do Cariri,  2 312 106 ,   16 954
Santa Quitéria,  2 312 205 ,   40 183
São Benedito,  2 312 304 ,   47 640
São Gonçalo do Amarante,  2 312 403 ,   54 143
São João do Jaguaribe,  2 312 502 ,   5 855
São Luís do Curu,  2 312 601 ,   10 822
Senador Pompeu,  2 312 700 ,   24 266
Senador Sá,  2 312 809 ,   7 262
Sobral,  2 312 908 ,   203 023
Solonópole,  2 313 005 ,   18 179
Tabuleiro do Norte,  2 313 104 ,   30 652
Tamboril,  2 313 203 ,   24 815
Tarrafas,  2 313 252 ,   7 529
Tauá,  2 313 302 ,   61 227
Tejuçuoca,  2 313 351 ,   17 154
Tianguá,  2 313 401 ,   81 506
Trairi,  2 313 500 ,   58 415
Tururu,  2 313 559 ,   15 412
Ubajara,  2 313 609 ,   32 767
Umari,  2 313 708 ,   6 871
Umirim,  2 313 757 ,   17 470
Uruburetama,  2 313 807 ,   20 189
Uruoca,  2 313 906 ,   13 746
Varjota,  2 313 955 ,   18 105
Várzea Alegre,  2 314 003 ,   38 984
Viçosa do Ceará,  2 314 102 ,   59 712
Acari,  2 400 109 ,   10 597
Açu,  2 400 208 ,   56 496
Afonso Bezerra,  2 400 307 ,   10 839
Água Nova,  2 400 406 ,   2 946
Alexandria,  2 400 505 ,   13 640
Almino Afonso,  2 400 604 ,   4 687
Alto do Rodrigues,  2 400 703 ,   12 484
Angicos,  2 400 802 ,   11 632
Antônio Martins,  2 400 901 ,   6 577
Apodi,  2 401 008 ,   36 093
Areia Branca,  2 401 107 ,   24 093
Arês,  2 401 206 ,   13 251
Campo Grande,  2 401 305 ,   9 730
Baía Formosa,  2 401 404 ,   8 825
Baraúna,  2 401 453 ,   26 913
Barcelona,  2 401 503 ,   3 986
Bento Fernandes,  2 401 602 ,   4 807
Bodó,  2 401 651 ,   2 306
Bom Jesus,  2 401 701 ,   9 952
Brejinho,  2 401 800 ,   12 202
Caiçara do Norte,  2 401 859 ,   6 293
Caiçara do Rio do Vento,  2 401 909 ,   3 268
Caicó,  2 402 006 ,   61 146
Campo Redondo,  2 402 105 ,   10 215
Canguaretama,  2 402 204 ,   29 668
Caraúbas,  2 402 303 ,   19 727
Carnaúba dos Dantas,  2 402 402 ,   7 992
Carnaubais,  2 402 501 ,   9 714
Ceará-Mirim,  2 402 600 ,   79 115
Cerro Corá,  2 402 709 ,   11 000
Coronel Ezequiel,  2 402 808 ,   5 117
Coronel João Pessoa,  2 402 907 ,   4 237
Cruzeta,  2 403 004 ,   8 005
Currais Novos,  2 403 103 ,   41 313
Doutor Severiano,  2 403 202 ,   7 044
Parnamirim,  2 403 251 ,   252 716
Encanto,  2 403 301 ,   6 016
Equador,  2 403 400 ,   5 360
Espírito Santo,  2 403 509 ,   10 620
Extremoz,  2 403 608 ,   61 635
Felipe Guerra,  2 403 707 ,   5 944
Fernando Pedroza,  2 403 756 ,   2 938
Florânia,  2 403 806 ,   10 196
Francisco Dantas,  2 403 905 ,   2 700
Frutuoso Gomes,  2 404 002 ,   4 122
Galinhos,  2 404 101 ,   2 104
Goianinha,  2 404 200 ,   26 741
Governador Dix-Sept Rosado,  2 404 309 ,   11 938
Grossos,  2 404 408 ,   9 924
Guamaré,  2 404 507 ,   15 295
Ielmo Marinho,  2 404 606 ,   11 615
Ipanguaçu,  2 404 705 ,   14 131
Ipueira,  2 404 804 ,   2 035
Itajá,  2 404 853 ,   7 292
Itaú,  2 404 903 ,   5 320
Jaçanã,  2 405 009 ,   7 834
Jandaíra,  2 405 108 ,   6 562
Janduís,  2 405 207 ,   4 746
Januário Cicco,  2 405 306 ,   9 051
Japi,  2 405 405 ,   5 117
Jardim de Angicos,  2 405 504 ,   2 437
Jardim de Piranhas,  2 405 603 ,   13 977
Jardim do Seridó,  2 405 702 ,   11 655
João Câmara,  2 405 801 ,   33 290
João Dias,  2 405 900 ,   2 076
José da Penha,  2 406 007 ,   5 803
Jucurutu,  2 406 106 ,   17 793
Jundiá,  2 406 155 ,   3 739
Lagoa d'Anta,  2 406 205 ,   6 654
Lagoa de Pedras,  2 406 304 ,   7 338
Lagoa de Velhos,  2 406 403 ,   2 567
Lagoa Nova,  2 406 502 ,   15 573
Lagoa Salgada,  2 406 601 ,   8 319
Lajes,  2 406 700 ,   9 866
Lajes Pintadas,  2 406 809 ,   4 787
Lucrécia,  2 406 908 ,   3 490
Luís Gomes,  2 407 005 ,   9 070
Macaíba,  2 407 104 ,   82 249
Macau,  2 407 203 ,   27 369
Major Sales,  2 407 252 ,   3 924
Marcelino Vieira,  2 407 302 ,   7 896
Martins,  2 407 401 ,   8 179
Maxaranguape,  2 407 500 ,   10 255
Messias Targino,  2 407 609 ,   4 274
Montanhas,  2 407 708 ,   11 444
Monte Alegre,  2 407 807 ,   23 031
Monte das Gameleiras,  2 407 906 ,   2 276
Mossoró,  2 408 003 ,   264 577
Natal,  2 408 102 ,   751 300
Nísia Floresta,  2 408 201 ,   31 942
Nova Cruz,  2 408 300 ,   34 269
Olho d'Água do Borges,  2 408 409 ,   3 905
Ouro Branco,  2 408 508 ,   4 913
Paraná,  2 408 607 ,   3 934
Paraú,  2 408 706 ,   3 579
Parazinho,  2 408 805 ,   4 801
Parelhas,  2 408 904 ,   21 499
Rio do Fogo,  2 408 953 ,   10 351
Passa e Fica,  2 409 100 ,   10 896
Passagem,  2 409 209 ,   3 115
Patu,  2 409 308 ,   11 007
Santa Maria,  2 409 332 ,   4 847
Pau dos Ferros,  2 409 407 ,   30 479
Pedra Grande,  2 409 506 ,   3 618
Pedra Preta,  2 409 605 ,   2 441
Pedro Avelino,  2 409 704 ,   6 242
Pedro Velho,  2 409 803 ,   13 824
Pendências,  2 409 902 ,   12 278
Pilões,  2 410 009 ,   2 965
Poço Branco,  2 410 108 ,   12 390
Portalegre,  2 410 207 ,   7 601
Porto do Mangue,  2 410 256 ,   5 228
Serra Caiada,  2 410 306 ,   10 125
Pureza,  2 410 405 ,   9 362
Rafael Fernandes,  2 410 504 ,   5 432
Rafael Godeiro,  2 410 603 ,   2 934
Riacho da Cruz,  2 410 702 ,   2 701
Riacho de Santana,  2 410 801 ,   4 127
Riachuelo,  2 410 900 ,   7 389
Rodolfo Fernandes,  2 411 007 ,   4 242
Tibau,  2 411 056 ,   5 382
Ruy Barbosa,  2 411 106 ,   3 206
Santa Cruz,  2 411 205 ,   37 313
Santana do Matos,  2 411 403 ,   12 456
Santana do Seridó,  2 411 429 ,   2 696
Santo Antônio,  2 411 502 ,   22 177
São Bento do Norte,  2 411 601 ,   3 304
São Bento do Trairí,  2 411 700 ,   3 792
São Fernando,  2 411 809 ,   3 492
São Francisco do Oeste,  2 411 908 ,   4 161
São Gonçalo do Amarante,  2 412 005 ,   115 838
São João do Sabugi,  2 412 104 ,   5 956
São José de Mipibu,  2 412 203 ,   47 286
São José do Campestre,  2 412 302 ,   11 121
São José do Seridó,  2 412 401 ,   4 558
São Miguel,  2 412 500 ,   23 537
São Miguel do Gostoso,  2 412 559 ,   10 221
São Paulo do Potengi,  2 412 609 ,   16 786
São Pedro,  2 412 708 ,   5 776
São Rafael,  2 412 807 ,   7 711
São Tomé,  2 412 906 ,   9 972
São Vicente,  2 413 003 ,   6 310
Senador Elói de Souza,  2 413 102 ,   5 965
Senador Georgino Avelino,  2 413 201 ,   4 065
Serra de São Bento,  2 413 300 ,   5 703
Serra do Mel,  2 413 359 ,   13 091
Serra Negra do Norte,  2 413 409 ,   7 597
Serrinha,  2 413 508 ,   6 436
Serrinha dos Pintos,  2 413 557 ,   4 659
Severiano Melo,  2 413 607 ,   5 487
Sítio Novo,  2 413 706 ,   4 654
Taboleiro Grande,  2 413 805 ,   2 338
Taipu,  2 413 904 ,   11 422
Tangará,  2 414 001 ,   13 281
Tenente Ananias,  2 414 100 ,   10 262
Tenente Laurentino Cruz,  2 414 159 ,   5 891
Tibau do Sul,  2 414 209 ,   16 929
Timbaúba dos Batistas,  2 414 308 ,   2 348
Touros,  2 414 407 ,   33 035
Triunfo Potiguar,  2 414 456 ,   3 376
Umarizal,  2 414 506 ,   10 078
Upanema,  2 414 605 ,   13 577
Várzea,  2 414 704 ,   5 233
Venha-Ver,  2 414 753 ,   3 014
Vera Cruz,  2 414 803 ,   10 735
Viçosa,  2 414 902 ,   1 822
Vila Flor,  2 415 008 ,   3 174
Água Branca,  2 500 106 ,   9 335
Aguiar,  2 500 205 ,   5 003
Alagoa Grande,  2 500 304 ,   26 062
Alagoa Nova,  2 500 403 ,   21 013
Alagoinha,  2 500 502 ,   13 725
Alcantil,  2 500 536 ,   5 578
Algodão de Jandaíra,  2 500 577 ,   2 953
Alhandra,  2 500 601 ,   21 730
São João do Rio do Peixe,  2 500 700 ,   17 964
Amparo,  2 500 734 ,   2 234
Aparecida,  2 500 775 ,   7 960
Araçagi,  2 500 809 ,   16 646
Arara,  2 500 908 ,   12 212
Araruna,  2 501 005 ,   17 189
Areia,  2 501 104 ,   22 633
Areia de Baraúnas,  2 501 153 ,   2 005
Areial,  2 501 203 ,   7 128
Aroeiras,  2 501 302 ,   18 705
Assunção,  2 501 351 ,   4 152
Baía da Traição,  2 501 401 ,   9 224
Bananeiras,  2 501 500 ,   23 134
Baraúna,  2 501 534 ,   4 762
Barra de Santana,  2 501 575 ,   8 059
Barra de Santa Rosa,  2 501 609 ,   12 904
Barra de São Miguel,  2 501 708 ,   5 906
Bayeux,  2 501 807 ,   82 742
Belém,  2 501 906 ,   16 401
Belém do Brejo do Cruz,  2 502 003 ,   6 268
Bernardino Batista,  2 502 052 ,   3 504
Boa Ventura,  2 502 102 ,   5 207
Boa Vista,  2 502 151 ,   6 377
Bom Jesus,  2 502 201 ,   2 286
Bom Sucesso,  2 502 300 ,   4 661
Bonito de Santa Fé,  2 502 409 ,   10 252
Boqueirão,  2 502 508 ,   17 598
Igaracy,  2 502 607 ,   5 648
Borborema,  2 502 706 ,   4 214
Brejo do Cruz,  2 502 805 ,   13 613
Brejo dos Santos,  2 502 904 ,   5 742
Caaporã,  2 503 001 ,   21 193
Cabaceiras,  2 503 100 ,   5 335
Cabedelo,  2 503 209 ,   66 519
Cachoeira dos Índios,  2 503 308 ,   9 151
Cacimba de Areia,  2 503 407 ,   3 291
Cacimba de Dentro,  2 503 506 ,   16 064
Cacimbas,  2 503 555 ,   7 223
Caiçara,  2 503 605 ,   6 602
Cajazeiras,  2 503 704 ,   63 239
Cajazeirinhas,  2 503 753 ,   2 740
Caldas Brandão,  2 503 803 ,   5 753
Camalaú,  2 503 902 ,   6 085
Campina Grande,  2 504 009 ,   419 379
Capim,  2 504 033 ,   6 970
Caraúbas,  2 504 074 ,   3 944
Carrapateira,  2 504 108 ,   2 312
Casserengue,  2 504 157 ,   6 889
Catingueira,  2 504 207 ,   4 491
Catolé do Rocha,  2 504 306 ,   30 661
Caturité,  2 504 355 ,   5 254
Conceição,  2 504 405 ,   18 260
Condado,  2 504 504 ,   6 451
Conde,  2 504 603 ,   27 605
Congo,  2 504 702 ,   4 933
Coremas,  2 504 801 ,   14 683
Coxixola,  2 504 850 ,   1 824
Cruz do Espírito Santo,  2 504 900 ,   17 095
Cubati,  2 505 006 ,   7 580
Cuité,  2 505 105 ,   19 719
Cuitegi,  2 505 204 ,   6 730
Cuité de Mamanguape,  2 505 238 ,   6 251
Curral de Cima,  2 505 279 ,   5 254
Curral Velho,  2 505 303 ,   2 292
Damião,  2 505 352 ,   4 982
Desterro,  2 505 402 ,   8 067
Vista Serrana,  2 505 501 ,   3 641
Diamante,  2 505 600 ,   6 299
Dona Inês,  2 505 709 ,   10 380
Duas Estradas,  2 505 808 ,   3 327
Emas,  2 505 907 ,   3 011
Esperança,  2 506 004 ,   31 231
Fagundes,  2 506 103 ,   11 049
Frei Martinho,  2 506 202 ,   2 846
Gado Bravo,  2 506 251 ,   8 179
Guarabira,  2 506 301 ,   57 484
Gurinhém,  2 506 400 ,   13 766
Gurjão,  2 506 509 ,   3 242
Ibiara,  2 506 608 ,   5 631
Imaculada,  2 506 707 ,   10 392
Ingá,  2 506 806 ,   17 692
Itabaiana,  2 506 905 ,   23 182
Itaporanga,  2 507 002 ,   23 940
Itapororoca,  2 507 101 ,   18 382
Itatuba,  2 507 200 ,   10 499
Jacaraú,  2 507 309 ,   14 477
Jericó,  2 507 408 ,   7 516
João Pessoa,  2 507 507 ,   833 932
Juarez Távora,  2 507 606 ,   7 796
Juazeirinho,  2 507 705 ,   17 007
Junco do Seridó,  2 507 804 ,   6 793
Juripiranga,  2 507 903 ,   10 012
Juru,  2 508 000 ,   9 234
Lagoa,  2 508 109 ,   4 415
Lagoa de Dentro,  2 508 208 ,   7 819
Lagoa Seca,  2 508 307 ,   27 730
Lastro,  2 508 406 ,   3 162
Livramento,  2 508 505 ,   6 877
Logradouro,  2 508 554 ,   4 797
Lucena,  2 508 604 ,   12 560
Mãe d'Água,  2 508 703 ,   3 583
Malta,  2 508 802 ,   6 046
Mamanguape,  2 508 901 ,   44 599
Manaíra,  2 509 008 ,   10 434
Marcação,  2 509 057 ,   8 999
Mari,  2 509 107 ,   21 512
Marizópolis,  2 509 156 ,   6 705
Massaranduba,  2 509 206 ,   14 139
Mataraca,  2 509 305 ,   8 244
Matinhas,  2 509 339 ,   4 571
Mato Grosso,  2 509 370 ,   2 543
Maturéia,  2 509 396 ,   6 433
Mogeiro,  2 509 404 ,   13 899
Montadas,  2 509 503 ,   5 812
Monte Horebe,  2 509 602 ,   4 338
Monteiro,  2 509 701 ,   32 277
Mulungu,  2 509 800 ,   8 791
Natuba,  2 509 909 ,   8 945
Nazarezinho,  2 510 006 ,   7 203
Nova Floresta,  2 510 105 ,   9 724
Nova Olinda,  2 510 204 ,   5 787
Nova Palmeira,  2 510 303 ,   4 259
Olho d'Água,  2 510 402 ,   6 060
Olivedos,  2 510 501 ,   3 580
Ouro Velho,  2 510 600 ,   2 918
Parari,  2 510 659 ,   1 720
Passagem,  2 510 709 ,   2 463
Patos,  2 510 808 ,   103 165
Paulista,  2 510 907 ,   11 834
Pedra Branca,  2 511 004 ,   3 739
Pedra Lavrada,  2 511 103 ,   6 859
Pedras de Fogo,  2 511 202 ,   29 662
Piancó,  2 511 301 ,   16 441
Picuí,  2 511 400 ,   18 333
Pilar,  2 511 509 ,   12 311
Pilões,  2 511 608 ,   6 815
Pilõezinhos,  2 511 707 ,   5 329
Pirpirituba,  2 511 806 ,   9 340
Pitimbu,  2 511 905 ,   16 751
Pocinhos,  2 512 002 ,   17 469
Poço Dantas,  2 512 036 ,   3 830
Poço de José de Moura,  2 512 077 ,   4 006
Pombal,  2 512 101 ,   32 473
Prata,  2 512 200 ,   3 915
Princesa Isabel,  2 512 309 ,   21 114
Puxinanã,  2 512 408 ,   14 277
Queimadas,  2 512 507 ,   47 658
Quixaba,  2 512 606 ,   1 743
Remígio,  2 512 705 ,   17 885
Pedro Régis,  2 512 721 ,   5 766
Riachão,  2 512 747 ,   2 927
Riachão do Bacamarte,  2 512 754 ,   4 690
Riachão do Poço,  2 512 762 ,   4 738
Riacho de Santo Antônio,  2 512 788 ,   1 955
Riacho dos Cavalos,  2 512 804 ,   8 493
Rio Tinto,  2 512 903 ,   24 581
Salgadinho,  2 513 000 ,   3 355
Salgado de São Félix,  2 513 109 ,   11 505
Santa Cecília,  2 513 158 ,   7 670
Santa Cruz,  2 513 208 ,   5 947
Santa Helena,  2 513 307 ,   5 865
Santa Inês,  2 513 356 ,   3 227
Santa Luzia,  2 513 406 ,   14 959
Santana de Mangueira,  2 513 505 ,   5 010
Santana dos Garrotes,  2 513 604 ,   6 569
Joca Claudino,  2 513 653 ,   2 539
Santa Rita,  2 513 703 ,   149 910
Santa Teresinha,  2 513 802 ,   4 402
Santo André,  2 513 851 ,   2 622
São Bento,  2 513 901 ,   32 235
São Bentinho,  2 513 927 ,   4 327
São Domingos do Cariri,  2 513 943 ,   2 585
São Domingos,  2 513 968 ,   2 595
São Francisco,  2 513 984 ,   3 137
São João do Cariri,  2 514 008 ,   4 226
São João do Tigre,  2 514 107 ,   4 263
São José da Lagoa Tapada,  2 514 206 ,   7 126
São José de Caiana,  2 514 305 ,   5 034
São José de Espinharas,  2 514 404 ,   4 083
São José dos Ramos,  2 514 453 ,   5 891
São José de Piranhas,  2 514 503 ,   19 067
São José de Princesa,  2 514 552 ,   3 416
São José do Bonfim,  2 514 602 ,   3 242
São José do Brejo do Cruz,  2 514 651 ,   1 699
São José do Sabugi,  2 514 701 ,   4 138
São José dos Cordeiros,  2 514 800 ,   3 411
São Mamede,  2 514 909 ,   7 470
São Miguel de Taipu,  2 515 005 ,   7 066
São Sebastião de Lagoa de Roça,  2 515 104 ,   11 040
São Sebastião do Umbuzeiro,  2 515 203 ,   3 279
Sapé,  2 515 302 ,   51 306
São Vicente do Seridó,  2 515 401 ,   10 291
Serra Branca,  2 515 500 ,   13 614
Serra da Raiz,  2 515 609 ,   3 094
Serra Grande,  2 515 708 ,   2 942
Serra Redonda,  2 515 807 ,   6 828
Serraria,  2 515 906 ,   4 885
Sertãozinho,  2 515 930 ,   5 054
Sobrado,  2 515 971 ,   8 236
Solânea,  2 516 003 ,   26 774
Soledade,  2 516 102 ,   13 968
Sossêgo,  2 516 151 ,   3 345
Sousa,  2 516 201 ,   67 259
Sumé,  2 516 300 ,   17 166
Tacima,  2 516 409 ,   8 010
Taperoá,  2 516 508 ,   14 068
Tavares,  2 516 607 ,   14 101
Teixeira,  2 516 706 ,   14 631
Tenório,  2 516 755 ,   2 966
Triunfo,  2 516 805 ,   9 892
Uiraúna,  2 516 904 ,   14 930
Umbuzeiro,  2 517 001 ,   9 124
Várzea,  2 517 100 ,   2 668
Vieirópolis,  2 517 209 ,   4 864
Zabelê,  2 517 407 ,   2 228
Abreu e Lima,  2 600 054 ,   98 462
Afogados da Ingazeira,  2 600 104 ,   40 241
Afrânio,  2 600 203 ,   18 674
Agrestina,  2 600 302 ,   23 779
Água Preta,  2 600 401 ,   26 461
Águas Belas,  2 600 500 ,   41 548
Alagoinha,  2 600 609 ,   13 542
Aliança,  2 600 708 ,   35 741
Altinho,  2 600 807 ,   20 674
Amaraji,  2 600 906 ,   18 205
Angelim,  2 601 003 ,   10 241
Araçoiaba,  2 601 052 ,   19 243
Araripina,  2 601 102 ,   85 088
Arcoverde,  2 601 201 ,   77 742
Barra de Guabiraba,  2 601 300 ,   12 263
Barreiros,  2 601 409 ,   40 121
Belém de Maria,  2 601 508 ,   10 378
Belém do São Francisco,  2 601 607 ,   18 301
Belo Jardim,  2 601 706 ,   79 507
Betânia,  2 601 805 ,   11 232
Bezerros,  2 601 904 ,   61 694
Bodocó,  2 602 001 ,   34 478
Bom Conselho,  2 602 100 ,   44 294
Bom Jardim,  2 602 209 ,   37 629
Bonito,  2 602 308 ,   37 474
Brejão,  2 602 407 ,   9 079
Brejinho,  2 602 506 ,   7 720
Brejo da Madre de Deus,  2 602 605 ,   48 648
Buenos Aires,  2 602 704 ,   12 808
Buíque,  2 602 803 ,   52 097
Cabo de Santo Agostinho,  2 602 902 ,   203 440
Cabrobó,  2 603 009 ,   30 294
Cachoeirinha,  2 603 108 ,   19 899
Caetés,  2 603 207 ,   28 827
Calçado,  2 603 306 ,   11 093
Calumbi,  2 603 405 ,   5 228
Camaragibe,  2 603 454 ,   147 771
Camocim de São Félix,  2 603 504 ,   17 419
Camutanga,  2 603 603 ,   7 750
Canhotinho,  2 603 702 ,   24 329
Capoeiras,  2 603 801 ,   18 338
Carnaíba,  2 603 900 ,   18 644
Carnaubeira da Penha,  2 603 926 ,   12 239
Carpina,  2 604 007 ,   79 293
Caruaru,  2 604 106 ,   378 048
Casinhas,  2 604 155 ,   12 967
Catende,  2 604 205 ,   32 156
Cedro,  2 604 304 ,   10 518
Chã de Alegria,  2 604 403 ,   12 984
Chã Grande,  2 604 502 ,   20 546
Condado,  2 604 601 ,   24 587
Correntes,  2 604 700 ,   17 131
Cortês,  2 604 809 ,   10 198
Cumaru,  2 604 908 ,   15 920
Cupira,  2 605 004 ,   23 518
Custódia,  2 605 103 ,   37 699
Dormentes,  2 605 152 ,   17 188
Escada,  2 605 202 ,   59 891
Exu,  2 605 301 ,   31 843
Feira Nova,  2 605 400 ,   21 427
Fernando de Noronha,  2 605 459 ,   3 167
Ferreiros,  2 605 509 ,   15 026
Flores,  2 605 608 ,   20 347
Floresta,  2 605 707 ,   30 137
Frei Miguelinho,  2 605 806 ,   13 636
Gameleira,  2 605 905 ,   18 214
Garanhuns,  2 606 002 ,   142 506
Glória do Goitá,  2 606 101 ,   29 347
Goiana,  2 606 200 ,   81 055
Granito,  2 606 309 ,   6 967
Gravatá,  2 606 408 ,   86 516
Iati,  2 606 507 ,   17 165
Ibimirim,  2 606 606 ,   26 593
Ibirajuba,  2 606 705 ,   7 140
Igarassu,  2 606 804 ,   115 196
Iguaracy,  2 606 903 ,   11 081
Inajá,  2 607 000 ,   25 603
Ingazeira,  2 607 109 ,   4 765
Ipojuca,  2 607 208 ,   98 932
Ipubi,  2 607 307 ,   29 009
Itacuruba,  2 607 406 ,   4 284
Itaíba,  2 607 505 ,   32 650
Ilha de Itamaracá,  2 607 604 ,   24 540
Itambé,  2 607 653 ,   34 935
Itapetim,  2 607 703 ,   13 791
Itapissuma,  2 607 752 ,   27 749
Itaquitinga,  2 607 802 ,   16 554
Jaboatão dos Guararapes,  2 607 901 ,   644 037
Jaqueira,  2 607 950 ,   10 247
Jataúba,  2 608 008 ,   15 843
Jatobá,  2 608 057 ,   14 020
João Alfredo,  2 608 107 ,   27 725
Joaquim Nabuco,  2 608 206 ,   13 269
Jucati,  2 608 255 ,   11 517
Jupi,  2 608 305 ,   15 329
Jurema,  2 608 404 ,   13 648
Lagoa do Carro,  2 608 453 ,   17 981
Lagoa de Itaenga,  2 608 503 ,   19 003
Lagoa do Ouro,  2 608 602 ,   11 933
Lagoa dos Gatos,  2 608 701 ,   14 076
Lagoa Grande,  2 608 750 ,   24 088
Lajedo,  2 608 800 ,   39 582
Limoeiro,  2 608 909 ,   56 510
Macaparana,  2 609 006 ,   23 879
Machados,  2 609 105 ,   11 333
Manari,  2 609 154 ,   23 763
Maraial,  2 609 204 ,   9 359
Mirandiba,  2 609 303 ,   14 166
Moreno,  2 609 402 ,   55 292
Nazaré da Mata,  2 609 501 ,   30 648
Olinda,  2 609 600 ,   349 976
Orobó,  2 609 709 ,   21 808
Orocó,  2 609 808 ,   13 613
Ouricuri,  2 609 907 ,   65 245
Palmares,  2 610 004 ,   54 584
Palmeirina,  2 610 103 ,   7 031
Panelas,  2 610 202 ,   22 991
Paranatama,  2 610 301 ,   12 199
Parnamirim,  2 610 400 ,   18 612
Passira,  2 610 509 ,   28 340
Paudalho,  2 610 608 ,   56 665
Paulista,  2 610 707 ,   342 167
Pedra,  2 610 806 ,   22 795
Pesqueira,  2 610 905 ,   62 722
Petrolândia,  2 611 002 ,   34 161
Petrolina,  2 611 101 ,   386 791
Poção,  2 611 200 ,   10 500
Pombos,  2 611 309 ,   27 552
Primavera,  2 611 408 ,   13 838
Quipapá,  2 611 507 ,   17 928
Quixaba,  2 611 533 ,   6 554
Recife,  2 611 606 ,  1 488 920
Riacho das Almas,  2 611 705 ,   20 639
Ribeirão,  2 611 804 ,   33 507
Rio Formoso,  2 611 903 ,   20 009
Sairé,  2 612 000 ,   10 887
Salgadinho,  2 612 109 ,   5 727
Salgueiro,  2 612 208 ,   62 372
Saloá,  2 612 307 ,   13 836
Sanharó,  2 612 406 ,   18 624
Santa Cruz,  2 612 455 ,   13 841
Santa Cruz da Baixa Verde,  2 612 471 ,   11 567
Santa Cruz do Capibaribe,  2 612 505 ,   98 254
Santa Filomena,  2 612 554 ,   12 106
Santa Maria da Boa Vista,  2 612 604 ,   40 578
Santa Maria do Cambucá,  2 612 703 ,   14 013
Santa Terezinha,  2 612 802 ,   10 244
São Benedito do Sul,  2 612 901 ,   13 113
São Bento do Una,  2 613 008 ,   49 449
São Caitano,  2 613 107 ,   37 126
São João,  2 613 206 ,   23 837
São Joaquim do Monte,  2 613 305 ,   20 037
São José da Coroa Grande,  2 613 404 ,   18 825
São José do Belmonte,  2 613 503 ,   34 843
São José do Egito,  2 613 602 ,   31 004
São Lourenço da Mata,  2 613 701 ,   111 249
São Vicente Férrer,  2 613 800 ,   16 677
Serra Talhada,  2 613 909 ,   92 228
Serrita,  2 614 006 ,   18 207
Sertânia,  2 614 105 ,   32 811
Sirinhaém,  2 614 204 ,   37 596
Moreilândia,  2 614 303 ,   10 540
Solidão,  2 614 402 ,   5 210
Surubim,  2 614 501 ,   64 120
Tabira,  2 614 600 ,   27 681
Tacaimbó,  2 614 709 ,   13 738
Tacaratu,  2 614 808 ,   23 902
Tamandaré,  2 614 857 ,   23 561
Taquaritinga do Norte,  2 615 003 ,   24 736
Terezinha,  2 615 102 ,   6 513
Terra Nova,  2 615 201 ,   8 920
Timbaúba,  2 615 300 ,   46 147
Toritama,  2 615 409 ,   41 137
Tracunhaém,  2 615 508 ,   13 867
Trindade,  2 615 607 ,   30 321
Triunfo,  2 615 706 ,   14 705
Tupanatinga,  2 615 805 ,   26 937
Tuparetama,  2 615 904 ,   8 005
Venturosa,  2 616 001 ,   17 251
Verdejante,  2 616 100 ,   9 169
Vertente do Lério,  2 616 183 ,   7 558
Vertentes,  2 616 209 ,   21 959
Vicência,  2 616 308 ,   26 359
Vitória de Santo Antão,  2 616 407 ,   134 084
Xexéu,  2 616 506 ,   11 611
Água Branca,  2 700 102 ,   19 008
Anadia,  2 700 201 ,   13 966
Arapiraca,  2 700 300 ,   234 696
Atalaia,  2 700 409 ,   37 512
Barra de Santo Antônio,  2 700 508 ,   16 365
Barra de São Miguel,  2 700 607 ,   7 944
Batalha,  2 700 706 ,   16 448
Belém,  2 700 805 ,   4 722
Belo Monte,  2 700 904 ,   5 936
Boca da Mata,  2 701 001 ,   21 187
Branquinha,  2 701 100 ,   9 603
Cacimbinhas,  2 701 209 ,   10 482
Cajueiro,  2 701 308 ,   16 024
Campestre,  2 701 357 ,   6 665
Campo Alegre,  2 701 407 ,   32 106
Campo Grande,  2 701 506 ,   8 143
Canapi,  2 701 605 ,   15 559
Capela,  2 701 704 ,   15 032
Carneiros,  2 701 803 ,   8 999
Chã Preta,  2 701 902 ,   5 910
Coité do Nóia,  2 702 009 ,   10 810
Colônia Leopoldina,  2 702 108 ,   15 816
Coqueiro Seco,  2 702 207 ,   5 581
Coruripe,  2 702 306 ,   50 414
Craíbas,  2 702 355 ,   25 397
Delmiro Gouveia,  2 702 405 ,   51 318
Dois Riachos,  2 702 504 ,   9 805
Estrela de Alagoas,  2 702 553 ,   15 429
Feira Grande,  2 702 603 ,   22 712
Feliz Deserto,  2 702 702 ,   3 963
Flexeiras,  2 702 801 ,   9 618
Girau do Ponciano,  2 702 900 ,   36 102
Ibateguara,  2 703 007 ,   13 731
Igaci,  2 703 106 ,   23 995
Igreja Nova,  2 703 205 ,   21 372
Inhapi,  2 703 304 ,   15 167
Jacaré dos Homens,  2 703 403 ,   5 083
Jacuípe,  2 703 502 ,   5 352
Japaratinga,  2 703 601 ,   9 219
Jaramataia,  2 703 700 ,   4 985
Jequiá da Praia,  2 703 759 ,   9 470
Joaquim Gomes,  2 703 809 ,   17 150
Jundiá,  2 703 908 ,   4 092
Junqueiro,  2 704 005 ,   23 907
Lagoa da Canoa,  2 704 104 ,   18 457
Limoeiro de Anadia,  2 704 203 ,   24 740
Maceió,  2 704 302 ,   957 916
Major Isidoro,  2 704 401 ,   17 700
Maragogi,  2 704 500 ,   32 174
Maravilha,  2 704 609 ,   9 534
Marechal Deodoro,  2 704 708 ,   60 370
Maribondo,  2 704 807 ,   13 679
Mar Vermelho,  2 704 906 ,   3 155
Mata Grande,  2 705 002 ,   21 844
Matriz de Camaragibe,  2 705 101 ,   23 857
Messias,  2 705 200 ,   15 405
Minador do Negrão,  2 705 309 ,   4 845
Monteirópolis,  2 705 408 ,   7 184
Murici,  2 705 507 ,   25 187
Novo Lino,  2 705 606 ,   10 020
Olho d'Água das Flores,  2 705 705 ,   20 695
Olho d'Água do Casado,  2 705 804 ,   8 349
Olho d'Água Grande,  2 705 903 ,   4 330
Olivença,  2 706 000 ,   10 812
Ouro Branco,  2 706 109 ,   11 446
Palestina,  2 706 208 ,   4 325
Palmeira dos Índios,  2 706 307 ,   71 574
Pão de Açúcar,  2 706 406 ,   23 823
Pariconha,  2 706 422 ,   10 573
Paripueira,  2 706 448 ,   13 835
Passo de Camaragibe,  2 706 505 ,   13 804
Paulo Jacinto,  2 706 604 ,   6 576
Penedo,  2 706 703 ,   58 650
Piaçabuçu,  2 706 802 ,   15 908
Pilar,  2 706 901 ,   35 370
Pindoba,  2 707 008 ,   2 731
Piranhas,  2 707 107 ,   22 609
Poço das Trincheiras,  2 707 206 ,   12 518
Porto Calvo,  2 707 305 ,   24 071
Porto de Pedras,  2 707 404 ,   9 295
Porto Real do Colégio,  2 707 503 ,   20 082
Quebrangulo,  2 707 602 ,   11 080
Rio Largo,  2 707 701 ,   93 927
Roteiro,  2 707 800 ,   6 474
Santa Luzia do Norte,  2 707 909 ,   6 919
Santana do Ipanema,  2 708 006 ,   46 220
Santana do Mundaú,  2 708 105 ,   11 323
São Brás,  2 708 204 ,   6 555
São José da Laje,  2 708 303 ,   20 813
São José da Tapera,  2 708 402 ,   30 604
São Luís do Quitunde,  2 708 501 ,   30 873
São Miguel dos Campos,  2 708 600 ,   51 990
São Miguel dos Milagres,  2 708 709 ,   8 482
São Sebastião,  2 708 808 ,   31 786
Satuba,  2 708 907 ,   24 278
Senador Rui Palmeira,  2 708 956 ,   12 303
Tanque d'Arca,  2 709 004 ,   5 796
Taquarana,  2 709 103 ,   19 032
Teotônio Vilela,  2 709 152 ,   38 053
Traipu,  2 709 202 ,   23 565
União dos Palmares,  2 709 301 ,   59 280
Viçosa,  2 709 400 ,   24 092
Amparo do São Francisco,  2 800 100 ,   2 170
Aquidabã,  2 800 209 ,   20 131
Aracaju,  2 800 308 ,   602 757
Arauá,  2 800 407 ,   10 318
Areia Branca,  2 800 506 ,   18 081
Barra dos Coqueiros,  2 800 605 ,   41 511
Boquim,  2 800 670 ,   24 636
Brejo Grande,  2 800 704 ,   7 841
Campo do Brito,  2 801 009 ,   18 149
Canhoba,  2 801 108 ,   3 791
Canindé de São Francisco,  2 801 207 ,   26 834
Capela,  2 801 306 ,   31 645
Carira,  2 801 405 ,   19 939
Carmópolis,  2 801 504 ,   13 853
Cedro de São João,  2 801 603 ,   5 391
Cristinápolis,  2 801 702 ,   17 100
Cumbe,  2 801 900 ,   3 824
Divina Pastora,  2 802 007 ,   4 340
Estância,  2 802 106 ,   65 078
Feira Nova,  2 802 205 ,   5 975
Frei Paulo,  2 802 304 ,   14 530
Gararu,  2 802 403 ,   11 096
General Maynard,  2 802 502 ,   3 037
Gracho Cardoso,  2 802 601 ,   5 834
Ilha das Flores,  2 802 700 ,   8 321
Indiaroba,  2 802 809 ,   16 549
Itabaiana,  2 802 908 ,   103 440
Itabaianinha,  2 803 005 ,   40 678
Itabi,  2 803 104 ,   4 745
Itaporanga d'Ajuda,  2 803 203 ,   34 411
Japaratuba,  2 803 302 ,   16 209
Japoatã,  2 803 401 ,   13 407
Lagarto,  2 803 500 ,   101 579
Laranjeiras,  2 803 609 ,   23 975
Macambira,  2 803 708 ,   6 838
Malhada dos Bois,  2 803 807 ,   3 579
Malhador,  2 803 906 ,   11 533
Maruim,  2 804 003 ,   15 719
Moita Bonita,  2 804 102 ,   11 050
Monte Alegre de Sergipe,  2 804 201 ,   14 336
Muribeca,  2 804 300 ,   7 822
Neópolis,  2 804 409 ,   16 426
Nossa Senhora Aparecida,  2 804 458 ,   9 232
Nossa Senhora da Glória,  2 804 508 ,   41 212
Nossa Senhora das Dores,  2 804 607 ,   24 996
Nossa Senhora de Lourdes,  2 804 706 ,   6 268
Nossa Senhora do Socorro,  2 804 805 ,   192 330
Pacatuba,  2 804 904 ,   12 502
Pedra Mole,  2 805 000 ,   2 778
Pedrinhas,  2 805 109 ,   7 396
Pinhão,  2 805 208 ,   5 677
Pirambu,  2 805 307 ,   7 913
Poço Redondo,  2 805 406 ,   33 439
Poço Verde,  2 805 505 ,   21 794
Porto da Folha,  2 805 604 ,   26 576
Propriá,  2 805 703 ,   26 618
Riachão do Dantas,  2 805 802 ,   18 313
Riachuelo,  2 805 901 ,   8 748
Ribeirópolis,  2 806 008 ,   17 033
Rosário do Catete,  2 806 107 ,   9 295
Salgado,  2 806 206 ,   20 279
Santa Luzia do Itanhy,  2 806 305 ,   13 616
Santana do São Francisco,  2 806 404 ,   7 346
Santa Rosa de Lima,  2 806 503 ,   3 937
Santo Amaro das Brotas,  2 806 602 ,   11 092
São Cristóvão,  2 806 701 ,   95 612
São Domingos,  2 806 800 ,   10 327
São Francisco,  2 806 909 ,   3 243
São Miguel do Aleixo,  2 807 006 ,   3 434
Simão Dias,  2 807 105 ,   42 578
Siriri,  2 807 204 ,   7 834
Telha,  2 807 303 ,   3 274
Tobias Barreto,  2 807 402 ,   50 905
Tomar do Geru,  2 807 501 ,   12 012
Umbaúba,  2 807 600 ,   23 917
Abaíra,  2 900 108 ,   7 301
Abaré,  2 900 207 ,   17 639
Acajutiba,  2 900 306 ,   13 795
Adustina,  2 900 355 ,   14 201
Água Fria,  2 900 405 ,   14 497
Érico Cardoso,  2 900 504 ,   10 604
Aiquara,  2 900 603 ,   4 447
Alagoinhas,  2 900 702 ,   151 055
Alcobaça,  2 900 801 ,   24 530
Almadina,  2 900 900 ,   5 218
Amargosa,  2 901 007 ,   36 521
Amélia Rodrigues,  2 901 106 ,   24 138
América Dourada,  2 901 155 ,   15 137
Anagé,  2 901 205 ,   25 438
Andaraí,  2 901 304 ,   13 080
Andorinha,  2 901 353 ,   15 012
Angical,  2 901 403 ,   13 732
Anguera,  2 901 502 ,   11 031
Antas,  2 901 601 ,   14 206
Antônio Cardoso,  2 901 700 ,   11 146
Antônio Gonçalves,  2 901 809 ,   10 862
Aporá,  2 901 908 ,   15 922
Apuarema,  2 901 957 ,   6 913
Aracatu,  2 902 005 ,   13 936
Araçás,  2 902 054 ,   11 557
Araci,  2 902 104 ,   48 294
Aramari,  2 902 203 ,   9 833
Arataca,  2 902 252 ,   10 191
Aratuípe,  2 902 302 ,   8 677
Aurelino Leal,  2 902 401 ,   11 179
Baianópolis,  2 902 500 ,   13 614
Baixa Grande,  2 902 609 ,   18 220
Banzaê,  2 902 658 ,   11 958
Barra,  2 902 708 ,   51 092
Barra da Estiva,  2 902 807 ,   26 026
Barra do Choça,  2 902 906 ,   36 539
Barra do Mendes,  2 903 003 ,   13 836
Barra do Rocha,  2 903 102 ,   5 775
Barreiras,  2 903 201 ,   159 734
Barro Alto,  2 903 235 ,   13 453
Barrocas,  2 903 276 ,   15 203
Barro Preto,  2 903 300 ,   5 833
Belmonte,  2 903 409 ,   20 121
Belo Campo,  2 903 508 ,   18 412
Biritinga,  2 903 607 ,   15 146
Boa Nova,  2 903 706 ,   13 690
Boa Vista do Tupim,  2 903 805 ,   16 873
Bom Jesus da Lapa,  2 903 904 ,   65 550
Bom Jesus da Serra,  2 903 953 ,   9 730
Boninal,  2 904 001 ,   13 622
Bonito,  2 904 050 ,   15 844
Boquira,  2 904 100 ,   19 322
Botuporã,  2 904 209 ,   11 024
Brejões,  2 904 308 ,   12 943
Brejolândia,  2 904 407 ,   9 108
Brotas de Macaúbas,  2 904 506 ,   11 765
Brumado,  2 904 605 ,   70 510
Buerarema,  2 904 704 ,   14 804
Buritirama,  2 904 753 ,   19 589
Caatiba,  2 904 803 ,   6 205
Cabaceiras do Paraguaçu,  2 904 852 ,   16 559
Cachoeira,  2 904 902 ,   29 250
Caculé,  2 905 008 ,   22 462
Caém,  2 905 107 ,   10 384
Caetanos,  2 905 156 ,   11 266
Caetité,  2 905 206 ,   52 012
Cafarnaum,  2 905 305 ,   17 466
Cairu,  2 905 404 ,   17 761
Caldeirão Grande,  2 905 503 ,   13 080
Camacan,  2 905 602 ,   22 579
Camaçari,  2 905 701 ,   300 372
Camamu,  2 905 800 ,   30 469
Campo Alegre de Lourdes,  2 905 909 ,   30 671
Campo Formoso,  2 906 006 ,   71 377
Canápolis,  2 906 105 ,   10 225
Canarana,  2 906 204 ,   24 206
Canavieiras,  2 906 303 ,   32 683
Candeal,  2 906 402 ,   7 772
Candeias,  2 906 501 ,   72 382
Candiba,  2 906 600 ,   13 016
Cândido Sales,  2 906 709 ,   25 247
Cansanção,  2 906 808 ,   37 439
Canudos,  2 906 824 ,   16 105
Capela do Alto Alegre,  2 906 857 ,   10 744
Capim Grosso,  2 906 873 ,   33 235
Caraíbas,  2 906 899 ,   9 940
Caravelas,  2 906 907 ,   20 580
Cardeal da Silva,  2 907 004 ,   8 365
Carinhanha,  2 907 103 ,   28 869
Casa Nova,  2 907 202 ,   72 086
Castro Alves,  2 907 301 ,   24 712
Catolândia,  2 907 400 ,   3 434
Catu,  2 907 509 ,   48 148
Caturama,  2 907 558 ,   8 841
Central,  2 907 608 ,   16 348
Chorrochó,  2 907 707 ,   10 579
Cícero Dantas,  2 907 806 ,   30 907
Cipó,  2 907 905 ,   17 230
Coaraci,  2 908 002 ,   17 333
Cocos,  2 908 101 ,   19 151
Conceição da Feira,  2 908 200 ,   20 800
Conceição do Almeida,  2 908 309 ,   15 794
Conceição do Coité,  2 908 408 ,   67 825
Conceição do Jacuípe,  2 908 507 ,   35 308
Conde,  2 908 606 ,   23 654
Condeúba,  2 908 705 ,   17 053
Contendas do Sincorá,  2 908 804 ,   4 333
Coração de Maria,  2 908 903 ,   26 692
Cordeiros,  2 909 000 ,   7 546
Coribe,  2 909 109 ,   13 990
Coronel João Sá,  2 909 208 ,   17 056
Correntina,  2 909 307 ,   32 457
Cotegipe,  2 909 406 ,   13 063
Cravolândia,  2 909 505 ,   4 415
Crisópolis,  2 909 604 ,   19 729
Cristópolis,  2 909 703 ,   13 993
Cruz das Almas,  2 909 802 ,   60 348
Curaçá,  2 909 901 ,   34 180
Dário Meira,  2 910 008 ,   10 820
Dias d'Ávila,  2 910 057 ,   71 485
Dom Basílio,  2 910 107 ,   11 884
Dom Macedo Costa,  2 910 206 ,   4 407
Elísio Medrado,  2 910 305 ,   7 808
Encruzilhada,  2 910 404 ,   19 107
Entre Rios,  2 910 503 ,   38 098
Esplanada,  2 910 602 ,   32 554
Euclides da Cunha,  2 910 701 ,   61 456
Eunápolis,  2 910 727 ,   113 710
Fátima,  2 910 750 ,   17 895
Feira da Mata,  2 910 776 ,   5 631
Feira de Santana,  2 910 800 ,   616 272
Filadélfia,  2 910 859 ,   17 897
Firmino Alves,  2 910 909 ,   4 873
Floresta Azul,  2 911 006 ,   11 059
Formosa do Rio Preto,  2 911 105 ,   25 899
Gandu,  2 911 204 ,   32 178
Gavião,  2 911 253 ,   4 360
Gentio do Ouro,  2 911 303 ,   10 884
Glória,  2 911 402 ,   15 524
Gongogi,  2 911 501 ,   5 555
Governador Mangabeira,  2 911 600 ,   20 605
Guajeru,  2 911 659 ,   8 050
Guanambi,  2 911 709 ,   87 817
Guaratinga,  2 911 808 ,   19 049
Heliópolis,  2 911 857 ,   12 309
Iaçu,  2 911 907 ,   24 607
Ibiassucê,  2 912 004 ,   10 429
Ibicaraí,  2 912 103 ,   21 665
Ibicoara,  2 912 202 ,   20 785
Ibicuí,  2 912 301 ,   13 934
Ibipeba,  2 912 400 ,   16 603
Ibipitanga,  2 912 509 ,   13 863
Ibiquera,  2 912 608 ,   3 725
Ibirapitanga,  2 912 707 ,   25 344
Ibirapuã,  2 912 806 ,   8 896
Ibirataia,  2 912 905 ,   18 792
Ibitiara,  2 913 002 ,   14 637
Ibititá,  2 913 101 ,   16 969
Ibotirama,  2 913 200 ,   26 309
Ichu,  2 913 309 ,   6 190
Igaporã,  2 913 408 ,   15 527
Igrapiúna,  2 913 457 ,   13 151
Iguaí,  2 913 507 ,   21 491
Ilhéus,  2 913 606 ,   178 649
Inhambupe,  2 913 705 ,   33 790
Ipecaetá,  2 913 804 ,   13 709
Ipiaú,  2 913 903 ,   40 706
Ipirá,  2 914 000 ,   56 876
Ipupiara,  2 914 109 ,   9 935
Irajuba,  2 914 208 ,   6 101
Iramaia,  2 914 307 ,   10 752
Iraquara,  2 914 406 ,   23 879
Irará,  2 914 505 ,   28 043
Irecê,  2 914 604 ,   74 507
Itabela,  2 914 653 ,   28 165
Itaberaba,  2 914 703 ,   65 073
Itabuna,  2 914 802 ,   186 708
Itacaré,  2 914 901 ,   27 704
Itaeté,  2 915 007 ,   13 472
Itagi,  2 915 106 ,   13 803
Itagibá,  2 915 205 ,   15 310
Itagimirim,  2 915 304 ,   6 347
Itaguaçu da Bahia,  2 915 353 ,   12 311
Itaju do Colônia,  2 915 403 ,   6 037
Itajuípe,  2 915 502 ,   18 781
Itamaraju,  2 915 601 ,   59 605
Itamari,  2 915 700 ,   7 051
Itambé,  2 915 809 ,   24 394
Itanagra,  2 915 908 ,   5 914
Itanhém,  2 916 005 ,   17 813
Itaparica,  2 916 104 ,   19 789
Itapé,  2 916 203 ,   10 341
Itapebi,  2 916 302 ,   9 174
Itapetinga,  2 916 401 ,   65 897
Itapicuru,  2 916 500 ,   31 679
Itapitanga,  2 916 609 ,   10 279
Itaquara,  2 916 708 ,   8 153
Itarantim,  2 916 807 ,   17 052
Itatim,  2 916 856 ,   15 737
Itiruçu,  2 916 906 ,   10 999
Itiúba,  2 917 003 ,   33 872
Itororó,  2 917 102 ,   16 617
Ituaçu,  2 917 201 ,   17 914
Ituberá,  2 917 300 ,   21 902
Iuiu,  2 917 334 ,   11 118
Jaborandi,  2 917 359 ,   9 275
Jacaraci,  2 917 409 ,   14 436
Jacobina,  2 917 508 ,   82 590
Jaguaquara,  2 917 607 ,   45 964
Jaguarari,  2 917 706 ,   32 703
Jaguaripe,  2 917 805 ,   17 659
Jandaíra,  2 917 904 ,   9 285
Jequié,  2 918 001 ,   158 813
Jeremoabo,  2 918 100 ,   37 626
Jiquiriçá,  2 918 209 ,   13 629
Jitaúna,  2 918 308 ,   14 355
João Dourado,  2 918 357 ,   24 854
Juazeiro,  2 918 407 ,   237 821
Jucuruçu,  2 918 456 ,   9 655
Jussara,  2 918 506 ,   16 354
Jussari,  2 918 555 ,   5 888
Jussiape,  2 918 605 ,   7 379
Lafaiete Coutinho,  2 918 704 ,   4 075
Lagoa Real,  2 918 753 ,   14 105
Laje,  2 918 803 ,   21 052
Lajedão,  2 918 902 ,   3 845
Lajedinho,  2 919 009 ,   3 527
Lajedo do Tabocal,  2 919 058 ,   7 494
Lamarão,  2 919 108 ,   9 015
Lapão,  2 919 157 ,   25 736
Lauro de Freitas,  2 919 207 ,   203 331
Lençóis,  2 919 306 ,   10 774
Licínio de Almeida,  2 919 405 ,   11 834
Livramento de Nossa Senhora,  2 919 504 ,   43 903
Luís Eduardo Magalhães,  2 919 553 ,   107 909
Macajuba,  2 919 603 ,   10 454
Macarani,  2 919 702 ,   21 599
Macaúbas,  2 919 801 ,   41 859
Macururé,  2 919 900 ,   7 256
Madre de Deus,  2 919 926 ,   18 504
Maetinga,  2 919 959 ,   6 973
Maiquinique,  2 920 007 ,   8 731
Mairi,  2 920 106 ,   17 674
Malhada,  2 920 205 ,   15 398
Malhada de Pedras,  2 920 304 ,   8 670
Manoel Vitorino,  2 920 403 ,   13 860
Mansidão,  2 920 452 ,   13 919
Maracás,  2 920 502 ,   27 620
Maragogipe,  2 920 601 ,   35 859
Maraú,  2 920 700 ,   24 527
Marcionílio Souza,  2 920 809 ,   9 267
Mascote,  2 920 908 ,   13 544
Mata de São João,  2 921 005 ,   42 566
Matina,  2 921 054 ,   10 330
Medeiros Neto,  2 921 104 ,   22 194
Miguel Calmon,  2 921 203 ,   24 661
Milagres,  2 921 302 ,   11 071
Mirangaba,  2 921 401 ,   15 734
Mirante,  2 921 450 ,   10 187
Monte Santo,  2 921 500 ,   47 780
Morpará,  2 921 609 ,   7 996
Morro do Chapéu,  2 921 708 ,   33 594
Mortugaba,  2 921 807 ,   11 143
Mucugê,  2 921 906 ,   12 137
Mucuri,  2 922 003 ,   37 977
Mulungu do Morro,  2 922 052 ,   13 152
Mundo Novo,  2 922 102 ,   17 305
Muniz Ferreira,  2 922 201 ,   7 190
Muquém do São Francisco,  2 922 250 ,   10 443
Muritiba,  2 922 300 ,   28 707
Mutuípe,  2 922 409 ,   20 037
Nazaré,  2 922 508 ,   27 060
Nilo Peçanha,  2 922 607 ,   12 063
Nordestina,  2 922 656 ,   18 523
Nova Canaã,  2 922 706 ,   13 715
Nova Fátima,  2 922 730 ,   7 967
Nova Ibiá,  2 922 755 ,   6 501
Nova Itarana,  2 922 805 ,   7 780
Nova Redenção,  2 922 854 ,   7 538
Nova Soure,  2 922 904 ,   24 236
Nova Viçosa,  2 923 001 ,   39 509
Novo Horizonte,  2 923 035 ,   11 162
Novo Triunfo,  2 923 050 ,   10 660
Olindina,  2 923 100 ,   22 633
Oliveira dos Brejinhos,  2 923 209 ,   20 715
Ouriçangas,  2 923 308 ,   7 716
Ourolândia,  2 923 357 ,   19 243
Palmas de Monte Alto,  2 923 407 ,   20 078
Palmeiras,  2 923 506 ,   10 339
Paramirim,  2 923 605 ,   20 351
Paratinga,  2 923 704 ,   29 252
Paripiranga,  2 923 803 ,   26 604
Pau Brasil,  2 923 902 ,   9 370
Paulo Afonso,  2 924 009 ,   112 870
Pé de Serra,  2 924 058 ,   13 243
Pedrão,  2 924 108 ,   6 235
Pedro Alexandre,  2 924 207 ,   13 954
Piatã,  2 924 306 ,   20 086
Pilão Arcado,  2 924 405 ,   35 357
Pindaí,  2 924 504 ,   14 731
Pindobaçu,  2 924 603 ,   19 083
Pintadas,  2 924 652 ,   10 325
Piraí do Norte,  2 924 678 ,   10 974
Piripá,  2 924 702 ,   9 152
Piritiba,  2 924 801 ,   17 566
Planaltino,  2 924 900 ,   8 022
Planalto,  2 925 006 ,   23 334
Poções,  2 925 105 ,   48 293
Pojuca,  2 925 204 ,   32 136
Ponto Novo,  2 925 253 ,   17 938
Porto Seguro,  2 925 303 ,   168 326
Potiraguá,  2 925 402 ,   10 274
Prado,  2 925 501 ,   35 003
Presidente Dutra,  2 925 600 ,   15 130
Presidente Jânio Quadros,  2 925 709 ,   12 621
Presidente Tancredo Neves,  2 925 758 ,   27 734
Queimadas,  2 925 808 ,   25 988
Quijingue,  2 925 907 ,   25 272
Quixabeira,  2 925 931 ,   9 461
Rafael Jambeiro,  2 925 956 ,   19 662
Remanso,  2 926 004 ,   40 586
Retirolândia,  2 926 103 ,   13 651
Riachão das Neves,  2 926 202 ,   21 642
Riachão do Jacuípe,  2 926 301 ,   33 386
Riacho de Santana,  2 926 400 ,   30 711
Ribeira do Amparo,  2 926 509 ,   13 841
Ribeira do Pombal,  2 926 608 ,   54 010
Ribeirão do Largo,  2 926 657 ,   9 740
Rio de Contas,  2 926 707 ,   13 184
Rio do Antônio,  2 926 806 ,   13 146
Rio do Pires,  2 926 905 ,   10 497
Rio Real,  2 927 002 ,   35 362
Rodelas,  2 927 101 ,   10 308
Ruy Barbosa,  2 927 200 ,   28 282
Salinas da Margarida,  2 927 309 ,   14 987
Salvador,  2 927 408 ,  2 417 678
Santa Bárbara,  2 927 507 ,   20 952
Santa Brígida,  2 927 606 ,   14 965
Santa Cruz Cabrália,  2 927 705 ,   29 185
Santa Cruz da Vitória,  2 927 804 ,   4 681
Santa Inês,  2 927 903 ,   10 300
Santaluz,  2 928 000 ,   37 834
Santa Luzia,  2 928 059 ,   13 896
Santa Maria da Vitória,  2 928 109 ,   38 604
Santana,  2 928 208 ,   24 755
Santanópolis,  2 928 307 ,   8 716
Santa Rita de Cássia,  2 928 406 ,   27 390
Santa Terezinha,  2 928 505 ,   10 441
Santo Amaro,  2 928 604 ,   56 012
Santo Antônio de Jesus,  2 928 703 ,   103 055
Santo Estêvão,  2 928 802 ,   52 276
São Desidério,  2 928 901 ,   32 828
São Domingos,  2 928 950 ,   8 426
São Félix,  2 929 008 ,   11 026
São Félix do Coribe,  2 929 057 ,   15 194
São Felipe,  2 929 107 ,   20 283
São Francisco do Conde,  2 929 206 ,   38 733
São Gabriel,  2 929 255 ,   18 600
São Gonçalo dos Campos,  2 929 305 ,   39 513
São José da Vitória,  2 929 354 ,   5 315
São José do Jacuípe,  2 929 370 ,   10 187
São Miguel das Matas,  2 929 404 ,   10 334
São Sebastião do Passé,  2 929 503 ,   40 958
Sapeaçu,  2 929 602 ,   17 963
Sátiro Dias,  2 929 701 ,   16 008
Saubara,  2 929 750 ,   11 438
Saúde,  2 929 800 ,   10 478
Seabra,  2 929 909 ,   46 160
Sebastião Laranjeiras,  2 930 006 ,   9 360
Senhor do Bonfim,  2 930 105 ,   74 523
Serra do Ramalho,  2 930 154 ,   34 222
Sento Sé,  2 930 204 ,   38 154
Serra Dourada,  2 930 303 ,   17 066
Serra Preta,  2 930 402 ,   17 996
Serrinha,  2 930 501 ,   80 435
Serrolândia,  2 930 600 ,   13 335
Simões Filho,  2 930 709 ,   114 559
Sítio do Mato,  2 930 758 ,   13 408
Sítio do Quinto,  2 930 766 ,   14 773
Sobradinho,  2 930 774 ,   25 475
Souto Soares,  2 930 808 ,   17 054
Tabocas do Brejo Velho,  2 930 907 ,   11 979
Tanhaçu,  2 931 004 ,   21 006
Tanque Novo,  2 931 053 ,   17 158
Tanquinho,  2 931 103 ,   7 717
Taperoá,  2 931 202 ,   18 044
Tapiramutá,  2 931 301 ,   15 818
Teixeira de Freitas,  2 931 350 ,   145 216
Teodoro Sampaio,  2 931 400 ,   7 110
Teofilândia,  2 931 509 ,   21 176
Teolândia,  2 931 608 ,   15 332
Terra Nova,  2 931 707 ,   10 798
Tremedal,  2 931 806 ,   16 296
Tucano,  2 931 905 ,   48 736
Uauá,  2 932 002 ,   24 665
Ubaíra,  2 932 101 ,   18 626
Ubaitaba,  2 932 200 ,   17 596
Ubatã,  2 932 309 ,   16 094
Uibaí,  2 932 408 ,   13 432
Umburanas,  2 932 457 ,   13 642
Una,  2 932 507 ,   18 131
Urandi,  2 932 606 ,   15 355
Uruçuca,  2 932 705 ,   21 420
Utinga,  2 932 804 ,   16 277
Valença,  2 932 903 ,   85 655
Valente,  2 933 000 ,   24 362
Várzea da Roça,  2 933 059 ,   13 800
Várzea do Poço,  2 933 109 ,   8 101
Várzea Nova,  2 933 158 ,   13 377
Varzedo,  2 933 174 ,   9 913
Vera Cruz,  2 933 208 ,   42 529
Vereda,  2 933 257 ,   6 003
Vitória da Conquista,  2 933 307 ,   370 879
Wagner,  2 933 406 ,   9 503
Wanderley,  2 933 455 ,   12 968
Wenceslau Guimarães,  2 933 505 ,   24 474
Xique-Xique,  2 933 604 ,   44 757
Abadia dos Dourados,  3 100 104 ,   6 272
Abaeté,  3 100 203 ,   22 675
Abre Campo,  3 100 302 ,   13 927
Acaiaca,  3 100 401 ,   3 909
Açucena,  3 100 500 ,   8 943
Água Boa,  3 100 609 ,   12 589
Água Comprida,  3 100 708 ,   2 108
Aguanil,  3 100 807 ,   4 357
Águas Formosas,  3 100 906 ,   18 448
Águas Vermelhas,  3 101 003 ,   14 037
Aimorés,  3 101 102 ,   25 269
Aiuruoca,  3 101 201 ,   6 233
Alagoa,  3 101 300 ,   2 749
Albertina,  3 101 409 ,   2 952
Além Paraíba,  3 101 508 ,   30 717
Alfenas,  3 101 607 ,   78 970
Alfredo Vasconcelos,  3 101 631 ,   6 931
Almenara,  3 101 706 ,   40 364
Alpercata,  3 101 805 ,   6 903
Alpinópolis,  3 101 904 ,   18 300
Alterosa,  3 102 001 ,   13 915
Alto Caparaó,  3 102 050 ,   5 795
Alto Rio Doce,  3 102 100 ,   10 891
Alvarenga,  3 102 209 ,   3 975
Alvinópolis,  3 102 308 ,   15 059
Alvorada de Minas,  3 102 407 ,   4 159
Amparo do Serra,  3 102 506 ,   4 541
Andradas,  3 102 605 ,   40 553
Cachoeira de Pajeú,  3 102 704 ,   9 110
Andrelândia,  3 102 803 ,   11 927
Angelândia,  3 102 852 ,   7 718
Antônio Carlos,  3 102 902 ,   11 095
Antônio Dias,  3 103 009 ,   9 219
Antônio Prado de Minas,  3 103 108 ,   1 538
Araçaí,  3 103 207 ,   2 181
Aracitaba,  3 103 306 ,   2 049
Araçuaí,  3 103 405 ,   34 297
Araguari,  3 103 504 ,   117 808
Arantina,  3 103 603 ,   2 915
Araponga,  3 103 702 ,   8 048
Araporã,  3 103 751 ,   8 479
Arapuá,  3 103 801 ,   2 631
Araújos,  3 103 900 ,   9 199
Araxá,  3 104 007 ,   111 691
Arceburgo,  3 104 106 ,   9 177
Arcos,  3 104 205 ,   41 416
Areado,  3 104 304 ,   13 881
Argirita,  3 104 403 ,   2 688
Aricanduva,  3 104 452 ,   4 719
Arinos,  3 104 502 ,   17 272
Astolfo Dutra,  3 104 601 ,   14 138
Ataléia,  3 104 700 ,   13 736
Augusto de Lima,  3 104 809 ,   4 538
Baependi,  3 104 908 ,   18 366
Baldim,  3 105 004 ,   7 492
Bambuí,  3 105 103 ,   23 546
Bandeira,  3 105 202 ,   4 741
Bandeira do Sul,  3 105 301 ,   5 943
Barão de Cocais,  3 105 400 ,   30 778
Barão de Monte Alto,  3 105 509 ,   4 964
Barbacena,  3 105 608 ,   125 317
Barra Longa,  3 105 707 ,   5 666
Barroso,  3 105 905 ,   20 080
Bela Vista de Minas,  3 106 002 ,   10 167
Belmiro Braga,  3 106 101 ,   3 244
Belo Horizonte,  3 106 200 ,  2 315 560
Belo Oriente,  3 106 309 ,   23 928
Belo Vale,  3 106 408 ,   8 627
Berilo,  3 106 507 ,   9 826
Bertópolis,  3 106 606 ,   4 451
Berizal,  3 106 655 ,   4 201
Betim,  3 106 705 ,   411 846
Bias Fortes,  3 106 804 ,   3 361
Bicas,  3 106 903 ,   13 978
Biquinhas,  3 107 000 ,   2 383
Boa Esperança,  3 107 109 ,   39 848
Bocaina de Minas,  3 107 208 ,   5 348
Bocaiúva,  3 107 307 ,   48 032
Bom Despacho,  3 107 406 ,   51 737
Bom Jardim de Minas,  3 107 505 ,   6 783
Bom Jesus da Penha,  3 107 604 ,   4 474
Bom Jesus do Amparo,  3 107 703 ,   5 631
Bom Jesus do Galho,  3 107 802 ,   14 536
Bom Repouso,  3 107 901 ,   12 649
Bom Sucesso,  3 108 008 ,   17 151
Bonfim,  3 108 107 ,   7 434
Bonfinópolis de Minas,  3 108 206 ,   5 528
Bonito de Minas,  3 108 255 ,   10 204
Borda da Mata,  3 108 305 ,   17 404
Botelhos,  3 108 404 ,   14 828
Botumirim,  3 108 503 ,   5 790
Brasilândia de Minas,  3 108 552 ,   15 020
Brasília de Minas,  3 108 602 ,   32 025
Brás Pires,  3 108 701 ,   4 260
Braúnas,  3 108 800 ,   4 441
Brazópolis,  3 108 909 ,   14 246
Brumadinho,  3 109 006 ,   38 915
Bueno Brandão,  3 109 105 ,   10 911
Buenópolis,  3 109 204 ,   9 150
Bugre,  3 109 253 ,   4 041
Buritis,  3 109 303 ,   24 030
Buritizeiro,  3 109 402 ,   23 910
Cabeceira Grande,  3 109 451 ,   6 627
Cabo Verde,  3 109 501 ,   11 410
Cachoeira da Prata,  3 109 600 ,   3 693
Cachoeira de Minas,  3 109 709 ,   11 883
Cachoeira Dourada,  3 109 808 ,   2 315
Caetanópolis,  3 109 907 ,   11 435
Caeté,  3 110 004 ,   38 776
Caiana,  3 110 103 ,   5 304
Cajuri,  3 110 202 ,   4 088
Caldas,  3 110 301 ,   14 217
Camacho,  3 110 400 ,   2 838
Camanducaia,  3 110 509 ,   26 097
Cambuí,  3 110 608 ,   29 536
Cambuquira,  3 110 707 ,   12 313
Campanário,  3 110 806 ,   2 923
Campanha,  3 110 905 ,   15 935
Campestre,  3 111 002 ,   20 696
Campina Verde,  3 111 101 ,   18 011
Campo Azul,  3 111 150 ,   3 714
Campo Belo,  3 111 200 ,   52 277
Campo do Meio,  3 111 309 ,   11 377
Campo Florido,  3 111 408 ,   8 466
Campos Altos,  3 111 507 ,   12 979
Campos Gerais,  3 111 606 ,   26 105
Canaã,  3 111 705 ,   4 715
Canápolis,  3 111 804 ,   10 608
Cana Verde,  3 111 903 ,   5 272
Candeias,  3 112 000 ,   14 001
Cantagalo,  3 112 059 ,   3 974
Caparaó,  3 112 109 ,   5 048
Capela Nova,  3 112 208 ,   4 362
Capelinha,  3 112 307 ,   39 626
Capetinga,  3 112 406 ,   6 562
Capim Branco,  3 112 505 ,   10 663
Capinópolis,  3 112 604 ,   14 655
Capitão Andrade,  3 112 653 ,   4 585
Capitão Enéas,  3 112 703 ,   14 108
Capitólio,  3 112 802 ,   10 380
Caputira,  3 112 901 ,   8 936
Caraí,  3 113 008 ,   19 548
Caranaíba,  3 113 107 ,   2 933
Carandaí,  3 113 206 ,   23 812
Carangola,  3 113 305 ,   31 240
Caratinga,  3 113 404 ,   87 360
Carbonita,  3 113 503 ,   8 512
Careaçu,  3 113 602 ,   6 816
Carlos Chagas,  3 113 701 ,   18 615
Carmésia,  3 113 800 ,   2 605
Carmo da Cachoeira,  3 113 909 ,   11 547
Carmo da Mata,  3 114 006 ,   11 019
Carmo de Minas,  3 114 105 ,   13 797
Carmo do Cajuru,  3 114 204 ,   23 479
Carmo do Paranaíba,  3 114 303 ,   29 011
Carmo do Rio Claro,  3 114 402 ,   20 954
Carmópolis de Minas,  3 114 501 ,   18 003
Carneirinho,  3 114 550 ,   9 422
Carrancas,  3 114 600 ,   4 049
Carvalhópolis,  3 114 709 ,   3 341
Carvalhos,  3 114 808 ,   4 422
Casa Grande,  3 114 907 ,   2 214
Cascalho Rico,  3 115 003 ,   2 712
Cássia,  3 115 102 ,   17 155
Conceição da Barra de Minas,  3 115 201 ,   3 560
Cataguases,  3 115 300 ,   66 261
Catas Altas,  3 115 359 ,   5 473
Catas Altas da Noruega,  3 115 409 ,   3 110
Catuji,  3 115 458 ,   7 030
Catuti,  3 115 474 ,   4 739
Caxambu,  3 115 508 ,   21 056
Cedro do Abaeté,  3 115 607 ,   1 081
Central de Minas,  3 115 706 ,   6 171
Centralina,  3 115 805 ,   10 207
Chácara,  3 115 904 ,   3 075
Chalé,  3 116 001 ,   6 075
Chapada do Norte,  3 116 100 ,   10 337
Chapada Gaúcha,  3 116 159 ,   12 355
Chiador,  3 116 209 ,   2 800
Cipotânea,  3 116 308 ,   5 581
Claraval,  3 116 407 ,   4 658
Claro dos Poções,  3 116 506 ,   7 166
Cláudio,  3 116 605 ,   30 159
Coimbra,  3 116 704 ,   7 117
Coluna,  3 116 803 ,   8 163
Comendador Gomes,  3 116 902 ,   2 773
Comercinho,  3 117 009 ,   6 660
Conceição da Aparecida,  3 117 108 ,   10 371
Conceição das Pedras,  3 117 207 ,   2 772
Conceição das Alagoas,  3 117 306 ,   28 381
Conceição de Ipanema,  3 117 405 ,   4 409
Conceição do Mato Dentro,  3 117 504 ,   23 163
Conceição do Pará,  3 117 603 ,   5 415
Conceição do Rio Verde,  3 117 702 ,   12 541
Conceição dos Ouros,  3 117 801 ,   10 880
Cônego Marinho,  3 117 836 ,   7 237
Confins,  3 117 876 ,   7 350
Congonhal,  3 117 900 ,   11 083
Congonhas,  3 118 007 ,   52 890
Congonhas do Norte,  3 118 106 ,   4 831
Conquista,  3 118 205 ,   6 694
Conselheiro Lafaiete,  3 118 304 ,   131 621
Conselheiro Pena,  3 118 403 ,   20 824
Consolação,  3 118 502 ,   1 563
Contagem,  3 118 601 ,   621 863
Coqueiral,  3 118 700 ,   9 023
Coração de Jesus,  3 118 809 ,   25 377
Cordisburgo,  3 118 908 ,   7 547
Cordislândia,  3 119 005 ,   3 200
Corinto,  3 119 104 ,   23 532
Coroaci,  3 119 203 ,   10 884
Coromandel,  3 119 302 ,   28 894
Coronel Fabriciano,  3 119 401 ,   104 736
Coronel Murta,  3 119 500 ,   8 200
Coronel Pacheco,  3 119 609 ,   2 762
Coronel Xavier Chaves,  3 119 708 ,   3 486
Córrego Danta,  3 119 807 ,   2 960
Córrego do Bom Jesus,  3 119 906 ,   4 272
Córrego Fundo,  3 119 955 ,   6 133
Córrego Novo,  3 120 003 ,   2 875
Couto de Magalhães de Minas,  3 120 102 ,   4 245
Crisólita,  3 120 151 ,   5 265
Cristais,  3 120 201 ,   12 197
Cristália,  3 120 300 ,   5 121
Cristiano Otoni,  3 120 409 ,   4 667
Cristina,  3 120 508 ,   10 374
Crucilândia,  3 120 607 ,   5 434
Cruzeiro da Fortaleza,  3 120 706 ,   3 521
Cruzília,  3 120 805 ,   15 362
Cuparaque,  3 120 839 ,   3 983
Curral de Dentro,  3 120 870 ,   7 406
Curvelo,  3 120 904 ,   80 665
Datas,  3 121 001 ,   5 465
Delfim Moreira,  3 121 100 ,   7 952
Delfinópolis,  3 121 209 ,   8 393
Delta,  3 121 258 ,   10 494
Descoberto,  3 121 308 ,   4 928
Desterro de Entre Rios,  3 121 407 ,   7 653
Desterro do Melo,  3 121 506 ,   2 994
Diamantina,  3 121 605 ,   47 702
Diogo de Vasconcelos,  3 121 704 ,   3 549
Dionísio,  3 121 803 ,   6 847
Divinésia,  3 121 902 ,   4 226
Divino,  3 122 009 ,   20 706
Divino das Laranjeiras,  3 122 108 ,   4 178
Divinolândia de Minas,  3 122 207 ,   6 516
Divinópolis,  3 122 306 ,   231 091
Divisa Alegre,  3 122 355 ,   6 321
Divisa Nova,  3 122 405 ,   5 851
Divisópolis,  3 122 454 ,   10 213
Dom Bosco,  3 122 470 ,   3 697
Dom Cavati,  3 122 504 ,   4 904
Dom Joaquim,  3 122 603 ,   4 899
Dom Silvério,  3 122 702 ,   5 228
Dom Viçoso,  3 122 801 ,   3 095
Dona Euzébia,  3 122 900 ,   6 093
Dores de Campos,  3 123 007 ,   10 007
Dores de Guanhães,  3 123 106 ,   5 029
Dores do Indaiá,  3 123 205 ,   12 630
Dores do Turvo,  3 123 304 ,   4 987
Doresópolis,  3 123 403 ,   1 461
Douradoquara,  3 123 502 ,   1 829
Durandé,  3 123 528 ,   7 817
Elói Mendes,  3 123 601 ,   26 336
Engenheiro Caldas,  3 123 700 ,   13 622
Engenheiro Navarro,  3 123 809 ,   6 354
Entre Folhas,  3 123 858 ,   5 179
Entre Rios de Minas,  3 123 908 ,   14 746
Ervália,  3 124 005 ,   20 255
Esmeraldas,  3 124 104 ,   85 598
Espera Feliz,  3 124 203 ,   24 102
Espinosa,  3 124 302 ,   30 443
Espírito Santo do Dourado,  3 124 401 ,   6 611
Estiva,  3 124 500 ,   11 502
Estrela Dalva,  3 124 609 ,   2 186
Estrela do Indaiá,  3 124 708 ,   2 772
Estrela do Sul,  3 124 807 ,   6 840
Eugenópolis,  3 124 906 ,   10 801
Ewbank da Câmara,  3 125 002 ,   3 875
Extrema,  3 125 101 ,   53 482
Fama,  3 125 200 ,   2 578
Faria Lemos,  3 125 309 ,   3 188
Felício dos Santos,  3 125 408 ,   5 133
São Gonçalo do Rio Preto,  3 125 507 ,   3 032
Felisburgo,  3 125 606 ,   6 489
Felixlândia,  3 125 705 ,   13 978
Fernandes Tourinho,  3 125 804 ,   2 789
Ferros,  3 125 903 ,   9 590
Fervedouro,  3 125 952 ,   10 445
Florestal,  3 126 000 ,   8 045
Formiga,  3 126 109 ,   68 248
Formoso,  3 126 208 ,   7 949
Fortaleza de Minas,  3 126 307 ,   3 477
Fortuna de Minas,  3 126 406 ,   3 093
Francisco Badaró,  3 126 505 ,   7 366
Francisco Dumont,  3 126 604 ,   4 503
Francisco Sá,  3 126 703 ,   23 476
Franciscópolis,  3 126 752 ,   5 034
Frei Gaspar,  3 126 802 ,   5 640
Frei Inocêncio,  3 126 901 ,   8 226
Frei Lagonegro,  3 126 950 ,   3 391
Fronteira,  3 127 008 ,   14 540
Fronteira dos Vales,  3 127 057 ,   4 345
Fruta de Leite,  3 127 073 ,   4 647
Frutal,  3 127 107 ,   58 588
Funilândia,  3 127 206 ,   4 686
Galiléia,  3 127 305 ,   6 222
Gameleiras,  3 127 339 ,   4 793
Glaucilândia,  3 127 354 ,   2 928
Goiabeira,  3 127 370 ,   2 830
Goianá,  3 127 388 ,   4 053
Gonçalves,  3 127 404 ,   4 727
Gonzaga,  3 127 503 ,   5 230
Gouveia,  3 127 602 ,   11 331
Governador Valadares,  3 127 701 ,   257 171
Grão Mogol,  3 127 800 ,   13 901
Grupiara,  3 127 909 ,   1 392
Guanhães,  3 128 006 ,   32 244
Guapé,  3 128 105 ,   13 772
Guaraciaba,  3 128 204 ,   9 753
Guaraciama,  3 128 253 ,   5 051
Guaranésia,  3 128 303 ,   19 150
Guarani,  3 128 402 ,   7 714
Guarará,  3 128 501 ,   3 149
Guarda-Mor,  3 128 600 ,   6 539
Guaxupé,  3 128 709 ,   50 911
Guidoval,  3 128 808 ,   7 131
Guimarânia,  3 128 907 ,   8 478
Guiricema,  3 129 004 ,   7 778
Gurinhatã,  3 129 103 ,   5 192
Heliodora,  3 129 202 ,   6 134
Iapu,  3 129 301 ,   12 030
Ibertioga,  3 129 400 ,   5 198
Ibiá,  3 129 509 ,   22 229
Ibiaí,  3 129 608 ,   6 286
Ibiracatu,  3 129 657 ,   5 081
Ibiraci,  3 129 707 ,   10 948
Ibirité,  3 129 806 ,   170 537
Ibitiúra de Minas,  3 129 905 ,   3 365
Ibituruna,  3 130 002 ,   2 698
Icaraí de Minas,  3 130 051 ,   10 677
Igarapé,  3 130 101 ,   45 847
Igaratinga,  3 130 200 ,   10 830
Iguatama,  3 130 309 ,   6 826
Ijaci,  3 130 408 ,   7 003
Ilicínea,  3 130 507 ,   12 741
Imbé de Minas,  3 130 556 ,   6 986
Inconfidentes,  3 130 606 ,   7 301
Indaiabira,  3 130 655 ,   6 346
Indianópolis,  3 130 705 ,   6 171
Ingaí,  3 130 804 ,   2 580
Inhapim,  3 130 903 ,   22 692
Inhaúma,  3 131 000 ,   6 239
Inimutaba,  3 131 109 ,   7 371
Ipaba,  3 131 158 ,   17 136
Ipanema,  3 131 208 ,   19 522
Ipatinga,  3 131 307 ,   227 731
Ipiaçu,  3 131 406 ,   3 775
Ipuiúna,  3 131 505 ,   9 135
Iraí de Minas,  3 131 604 ,   7 180
Itabira,  3 131 703 ,   113 343
Itabirinha,  3 131 802 ,   10 362
Itabirito,  3 131 901 ,   53 365
Itacambira,  3 132 008 ,   4 252
Itacarambi,  3 132 107 ,   17 208
Itaguara,  3 132 206 ,   13 846
Itaipé,  3 132 305 ,   10 463
Itajubá,  3 132 404 ,   93 073
Itamarandiba,  3 132 503 ,   32 948
Itamarati de Minas,  3 132 602 ,   3 690
Itambacuri,  3 132 701 ,   21 042
Itambé do Mato Dentro,  3 132 800 ,   2 142
Itamogi,  3 132 909 ,   10 770
Itamonte,  3 133 006 ,   14 786
Itanhandu,  3 133 105 ,   15 236
Itanhomi,  3 133 204 ,   11 128
Itaobim,  3 133 303 ,   19 151
Itapagipe,  3 133 402 ,   13 690
Itapecerica,  3 133 501 ,   21 046
Itapeva,  3 133 600 ,   12 692
Itatiaiuçu,  3 133 709 ,   12 966
Itaú de Minas,  3 133 758 ,   14 406
Itaúna,  3 133 808 ,   97 669
Itaverava,  3 133 907 ,   5 642
Itinga,  3 134 004 ,   13 745
Itueta,  3 134 103 ,   6 055
Ituiutaba,  3 134 202 ,   102 217
Itumirim,  3 134 301 ,   6 638
Iturama,  3 134 400 ,   38 295
Itutinga,  3 134 509 ,   4 217
Jaboticatubas,  3 134 608 ,   20 406
Jacinto,  3 134 707 ,   11 042
Jacuí,  3 134 806 ,   7 495
Jacutinga,  3 134 905 ,   25 525
Jaguaraçu,  3 135 001 ,   3 092
Jaíba,  3 135 050 ,   37 660
Jampruca,  3 135 076 ,   4 296
Janaúba,  3 135 100 ,   70 699
Januária,  3 135 209 ,   65 150
Japaraíba,  3 135 308 ,   4 506
Japonvar,  3 135 357 ,   8 127
Jeceaba,  3 135 407 ,   6 197
Jenipapo de Minas,  3 135 456 ,   6 100
Jequeri,  3 135 506 ,   12 419
Jequitaí,  3 135 605 ,   6 484
Jequitibá,  3 135 704 ,   5 883
Jequitinhonha,  3 135 803 ,   24 007
Jesuânia,  3 135 902 ,   5 138
Joaíma,  3 136 009 ,   13 888
Joanésia,  3 136 108 ,   4 329
João Monlevade,  3 136 207 ,   80 187
João Pinheiro,  3 136 306 ,   46 801
Joaquim Felício,  3 136 405 ,   3 854
Jordânia,  3 136 504 ,   10 304
José Gonçalves de Minas,  3 136 520 ,   3 969
José Raydan,  3 136 553 ,   4 268
Josenópolis,  3 136 579 ,   3 630
Nova União,  3 136 603 ,   5 909
Juatuba,  3 136 652 ,   30 716
Juiz de Fora,  3 136 702 ,   540 756
Juramento,  3 136 801 ,   3 768
Juruaia,  3 136 900 ,   11 084
Juvenília,  3 136 959 ,   5 789
Ladainha,  3 137 007 ,   14 383
Lagamar,  3 137 106 ,   6 631
Lagoa da Prata,  3 137 205 ,   51 412
Lagoa dos Patos,  3 137 304 ,   3 313
Lagoa Dourada,  3 137 403 ,   12 769
Lagoa Formosa,  3 137 502 ,   18 904
Lagoa Grande,  3 137 536 ,   8 969
Lagoa Santa,  3 137 601 ,   75 145
Lajinha,  3 137 700 ,   20 835
Lambari,  3 137 809 ,   20 414
Lamim,  3 137 908 ,   3 184
Laranjal,  3 138 005 ,   5 963
Lassance,  3 138 104 ,   7 124
Lavras,  3 138 203 ,   104 761
Leandro Ferreira,  3 138 302 ,   3 199
Leme do Prado,  3 138 351 ,   4 341
Leopoldina,  3 138 401 ,   51 145
Liberdade,  3 138 500 ,   4 737
Lima Duarte,  3 138 609 ,   17 221
Limeira do Oeste,  3 138 625 ,   8 687
Lontra,  3 138 658 ,   8 790
Luisburgo,  3 138 674 ,   6 956
Luislândia,  3 138 682 ,   6 210
Luminárias,  3 138 708 ,   5 586
Luz,  3 138 807 ,   17 875
Machacalis,  3 138 906 ,   6 487
Machado,  3 139 003 ,   37 684
Madre de Deus de Minas,  3 139 102 ,   5 191
Malacacheta,  3 139 201 ,   17 516
Mamonas,  3 139 250 ,   5 997
Manga,  3 139 300 ,   18 886
Manhuaçu,  3 139 409 ,   91 886
Manhumirim,  3 139 508 ,   20 613
Mantena,  3 139 607 ,   26 535
Maravilhas,  3 139 706 ,   7 333
Mar de Espanha,  3 139 805 ,   12 721
Maria da Fé,  3 139 904 ,   14 247
Mariana,  3 140 001 ,   61 387
Marilac,  3 140 100 ,   4 224
Mário Campos,  3 140 159 ,   15 900
Maripá de Minas,  3 140 209 ,   3 387
Marliéria,  3 140 308 ,   4 592
Marmelópolis,  3 140 407 ,   3 200
Martinho Campos,  3 140 506 ,   14 003
Martins Soares,  3 140 530 ,   8 396
Mata Verde,  3 140 555 ,   9 112
Materlândia,  3 140 605 ,   3 963
Mateus Leme,  3 140 704 ,   37 841
Matias Barbosa,  3 140 803 ,   14 121
Matias Cardoso,  3 140 852 ,   8 895
Matipó,  3 140 902 ,   18 552
Mato Verde,  3 141 009 ,   12 038
Matozinhos,  3 141 108 ,   37 618
Matutina,  3 141 207 ,   3 814
Medeiros,  3 141 306 ,   3 900
Medina,  3 141 405 ,   20 156
Mendes Pimentel,  3 141 504 ,   5 606
Mercês,  3 141 603 ,   10 373
Mesquita,  3 141 702 ,   5 040
Minas Novas,  3 141 801 ,   24 405
Minduri,  3 141 900 ,   3 741
Mirabela,  3 142 007 ,   13 651
Miradouro,  3 142 106 ,   8 968
Miraí,  3 142 205 ,   13 633
Miravânia,  3 142 254 ,   3 985
Moeda,  3 142 304 ,   5 125
Moema,  3 142 403 ,   7 548
Monjolos,  3 142 502 ,   2 169
Monsenhor Paulo,  3 142 601 ,   8 340
Montalvânia,  3 142 700 ,   14 060
Monte Alegre de Minas,  3 142 809 ,   20 170
Monte Azul,  3 142 908 ,   20 328
Monte Belo,  3 143 005 ,   13 046
Monte Carmelo,  3 143 104 ,   47 692
Monte Formoso,  3 143 153 ,   4 381
Monte Santo de Minas,  3 143 203 ,   20 890
Montes Claros,  3 143 302 ,   414 240
Monte Sião,  3 143 401 ,   24 089
Montezuma,  3 143 450 ,   6 888
Morada Nova de Minas,  3 143 500 ,   9 067
Morro da Garça,  3 143 609 ,   2 411
Morro do Pilar,  3 143 708 ,   3 133
Munhoz,  3 143 807 ,   7 451
Muriaé,  3 143 906 ,   104 108
Mutum,  3 144 003 ,   27 635
Muzambinho,  3 144 102 ,   21 891
Nacip Raydan,  3 144 201 ,   2 459
Nanuque,  3 144 300 ,   35 038
Naque,  3 144 359 ,   6 303
Natalândia,  3 144 375 ,   3 520
Natércia,  3 144 409 ,   4 691
Nazareno,  3 144 508 ,   8 179
Nepomuceno,  3 144 607 ,   25 018
Ninheira,  3 144 656 ,   10 588
Nova Belém,  3 144 672 ,   3 151
Nova Era,  3 144 706 ,   17 438
Nova Lima,  3 144 805 ,   111 697
Nova Módica,  3 144 904 ,   3 663
Nova Ponte,  3 145 000 ,   14 598
Nova Porteirinha,  3 145 059 ,   6 706
Nova Resende,  3 145 109 ,   16 387
Nova Serrana,  3 145 208 ,   105 552
Novo Cruzeiro,  3 145 307 ,   26 975
Novo Oriente de Minas,  3 145 356 ,   10 275
Novorizonte,  3 145 372 ,   4 571
Olaria,  3 145 406 ,   1 945
Olhos-d'Água,  3 145 455 ,   5 385
Olímpio Noronha,  3 145 505 ,   2 555
Oliveira,  3 145 604 ,   39 262
Oliveira Fortes,  3 145 703 ,   2 027
Onça de Pitangui,  3 145 802 ,   2 969
Oratórios,  3 145 851 ,   4 917
Orizânia,  3 145 877 ,   8 437
Ouro Branco,  3 145 901 ,   38 724
Ouro Fino,  3 146 008 ,   32 094
Ouro Preto,  3 146 107 ,   74 821
Ouro Verde de Minas,  3 146 206 ,   5 757
Padre Carvalho,  3 146 255 ,   5 058
Padre Paraíso,  3 146 305 ,   17 334
Paineiras,  3 146 404 ,   4 224
Pains,  3 146 503 ,   8 142
Pai Pedro,  3 146 552 ,   5 551
Paiva,  3 146 602 ,   1 474
Palma,  3 146 701 ,   5 707
Palmópolis,  3 146 750 ,   6 301
Papagaios,  3 146 909 ,   13 920
Paracatu,  3 147 006 ,   94 023
Pará de Minas,  3 147 105 ,   97 139
Paraguaçu,  3 147 204 ,   21 723
Paraisópolis,  3 147 303 ,   20 445
Paraopeba,  3 147 402 ,   24 107
Passabém,  3 147 501 ,   1 600
Passa Quatro,  3 147 600 ,   15 515
Passa Tempo,  3 147 709 ,   8 473
Passa Vinte,  3 147 808 ,   2 233
Passos,  3 147 907 ,   111 939
Patis,  3 147 956 ,   4 837
Patos de Minas,  3 148 004 ,   159 235
Patrocínio,  3 148 103 ,   89 826
Patrocínio do Muriaé,  3 148 202 ,   5 576
Paula Cândido,  3 148 301 ,   8 659
Paulistas,  3 148 400 ,   4 389
Pavão,  3 148 509 ,   8 047
Peçanha,  3 148 608 ,   17 446
Pedra Azul,  3 148 707 ,   24 410
Pedra Bonita,  3 148 756 ,   7 320
Pedra do Anta,  3 148 806 ,   3 311
Pedra do Indaiá,  3 148 905 ,   4 112
Pedra Dourada,  3 149 002 ,   2 757
Pedralva,  3 149 101 ,   10 760
Pedras de Maria da Cruz,  3 149 150 ,   10 433
Pedrinópolis,  3 149 200 ,   3 344
Pedro Leopoldo,  3 149 309 ,   62 580
Pedro Teixeira,  3 149 408 ,   1 810
Pequeri,  3 149 507 ,   3 351
Pequi,  3 149 606 ,   4 155
Perdigão,  3 149 705 ,   12 268
Perdizes,  3 149 804 ,   17 151
Perdões,  3 149 903 ,   21 384
Periquito,  3 149 952 ,   6 553
Pescador,  3 150 000 ,   3 570
Piau,  3 150 109 ,   2 796
Piedade de Caratinga,  3 150 158 ,   8 529
Piedade de Ponte Nova,  3 150 208 ,   3 976
Piedade do Rio Grande,  3 150 307 ,   4 604
Piedade dos Gerais,  3 150 406 ,   5 019
Pimenta,  3 150 505 ,   8 563
Pingo-d'Água,  3 150 539 ,   4 706
Pintópolis,  3 150 570 ,   7 084
Piracema,  3 150 604 ,   6 700
Pirajuba,  3 150 703 ,   5 537
Piranga,  3 150 802 ,   17 018
Piranguçu,  3 150 901 ,   6 041
Piranguinho,  3 151 008 ,   9 120
Pirapetinga,  3 151 107 ,   11 077
Pirapora,  3 151 206 ,   55 606
Piraúba,  3 151 305 ,   11 610
Pitangui,  3 151 404 ,   26 685
Piumhi,  3 151 503 ,   36 062
Planura,  3 151 602 ,   11 145
Poço Fundo,  3 151 701 ,   16 390
Poços de Caldas,  3 151 800 ,   163 742
Pocrane,  3 151 909 ,   8 350
Pompéu,  3 152 006 ,   31 047
Ponte Nova,  3 152 105 ,   57 776
Ponto Chique,  3 152 131 ,   3 747
Ponto dos Volantes,  3 152 170 ,   10 883
Porteirinha,  3 152 204 ,   37 438
Porto Firme,  3 152 303 ,   10 569
Poté,  3 152 402 ,   13 666
Pouso Alegre,  3 152 501 ,   152 217
Pouso Alto,  3 152 600 ,   6 566
Prados,  3 152 709 ,   9 048
Prata,  3 152 808 ,   28 342
Pratápolis,  3 152 907 ,   8 406
Pratinha,  3 153 004 ,   3 559
Presidente Bernardes,  3 153 103 ,   4 850
Presidente Juscelino,  3 153 202 ,   3 465
Presidente Kubitschek,  3 153 301 ,   3 071
Presidente Olegário,  3 153 400 ,   18 765
Alto Jequitibá,  3 153 509 ,   8 397
Prudente de Morais,  3 153 608 ,   11 466
Quartel Geral,  3 153 707 ,   3 179
Queluzito,  3 153 806 ,   1 770
Raposos,  3 153 905 ,   16 279
Raul Soares,  3 154 002 ,   23 423
Recreio,  3 154 101 ,   11 007
Reduto,  3 154 150 ,   7 848
Resende Costa,  3 154 200 ,   11 230
Resplendor,  3 154 309 ,   17 226
Ressaquinha,  3 154 408 ,   4 548
Riachinho,  3 154 457 ,   6 863
Riacho dos Machados,  3 154 507 ,   8 756
Ribeirão das Neves,  3 154 606 ,   329 794
Ribeirão Vermelho,  3 154 705 ,   4 080
Rio Acima,  3 154 804 ,   10 261
Rio Casca,  3 154 903 ,   12 789
Rio Doce,  3 155 009 ,   2 484
Rio do Prado,  3 155 108 ,   4 639
Rio Espera,  3 155 207 ,   5 429
Rio Manso,  3 155 306 ,   5 568
Rio Novo,  3 155 405 ,   8 518
Rio Paranaíba,  3 155 504 ,   14 532
Rio Pardo de Minas,  3 155 603 ,   28 271
Rio Piracicaba,  3 155 702 ,   14 631
Rio Pomba,  3 155 801 ,   17 443
Rio Preto,  3 155 900 ,   5 141
Rio Vermelho,  3 156 007 ,   12 641
Ritápolis,  3 156 106 ,   4 994
Rochedo de Minas,  3 156 205 ,   2 291
Rodeiro,  3 156 304 ,   8 664
Romaria,  3 156 403 ,   3 386
Rosário da Limeira,  3 156 452 ,   4 734
Rubelita,  3 156 502 ,   5 679
Rubim,  3 156 601 ,   10 298
Sabará,  3 156 700 ,   129 380
Sabinópolis,  3 156 809 ,   14 240
Sacramento,  3 156 908 ,   26 670
Salinas,  3 157 005 ,   40 178
Salto da Divisa,  3 157 104 ,   6 110
Santa Bárbara,  3 157 203 ,   30 466
Santa Bárbara do Leste,  3 157 252 ,   8 458
Santa Bárbara do Monte Verde,  3 157 278 ,   3 095
Santa Bárbara do Tugúrio,  3 157 302 ,   4 208
Santa Cruz de Minas,  3 157 336 ,   8 109
Santa Cruz de Salinas,  3 157 377 ,   3 910
Santa Cruz do Escalvado,  3 157 401 ,   4 673
Santa Efigênia de Minas,  3 157 500 ,   4 039
Santa Fé de Minas,  3 157 609 ,   3 522
Santa Helena de Minas,  3 157 658 ,   5 938
Santa Juliana,  3 157 708 ,   15 734
Santa Luzia,  3 157 807 ,   219 132
Santa Margarida,  3 157 906 ,   16 395
Santa Maria de Itabira,  3 158 003 ,   10 485
Santa Maria do Salto,  3 158 102 ,   4 755
Santa Maria do Suaçuí,  3 158 201 ,   12 788
Santana da Vargem,  3 158 300 ,   6 691
Santana de Cataguases,  3 158 409 ,   3 489
Santana de Pirapama,  3 158 508 ,   7 030
Santana do Deserto,  3 158 607 ,   3 747
Santana do Garambéu,  3 158 706 ,   2 137
Santana do Jacaré,  3 158 805 ,   4 214
Santana do Manhuaçu,  3 158 904 ,   8 987
Santana do Paraíso,  3 158 953 ,   44 800
Santana do Riacho,  3 159 001 ,   5 313
Santana dos Montes,  3 159 100 ,   3 469
Santa Rita de Caldas,  3 159 209 ,   8 460
Santa Rita de Jacutinga,  3 159 308 ,   4 755
Santa Rita de Minas,  3 159 357 ,   6 773
Santa Rita de Ibitipoca,  3 159 407 ,   3 301
Santa Rita do Itueto,  3 159 506 ,   5 826
Santa Rita do Sapucaí,  3 159 605 ,   40 635
Santa Rosa da Serra,  3 159 704 ,   3 382
Santa Vitória,  3 159 803 ,   20 973
Santo Antônio do Amparo,  3 159 902 ,   17 285
Santo Antônio do Aventureiro,  3 160 009 ,   3 769
Santo Antônio do Grama,  3 160 108 ,   4 229
Santo Antônio do Itambé,  3 160 207 ,   3 915
Santo Antônio do Jacinto,  3 160 306 ,   10 327
Santo Antônio do Monte,  3 160 405 ,   27 295
Santo Antônio do Retiro,  3 160 454 ,   6 629
Santo Antônio do Rio Abaixo,  3 160 504 ,   1 808
Santo Hipólito,  3 160 603 ,   2 717
Santos Dumont,  3 160 702 ,   42 406
São Bento Abade,  3 160 801 ,   4 713
São Brás do Suaçuí,  3 160 900 ,   3 989
São Domingos das Dores,  3 160 959 ,   5 626
São Domingos do Prata,  3 161 007 ,   17 392
São Félix de Minas,  3 161 056 ,   3 200
São Francisco,  3 161 106 ,   52 762
São Francisco de Paula,  3 161 205 ,   6 187
São Francisco de Sales,  3 161 304 ,   5 732
São Francisco do Glória,  3 161 403 ,   4 800
São Geraldo,  3 161 502 ,   10 282
São Geraldo da Piedade,  3 161 601 ,   3 305
São Geraldo do Baixio,  3 161 650 ,   3 143
São Gonçalo do Abaeté,  3 161 700 ,   7 375
São Gonçalo do Pará,  3 161 809 ,   11 770
São Gonçalo do Rio Abaixo,  3 161 908 ,   11 850
São Gonçalo do Sapucaí,  3 162 005 ,   23 959
São Gotardo,  3 162 104 ,   40 910
São João Batista do Glória,  3 162 203 ,   7 652
São João da Lagoa,  3 162 252 ,   4 822
São João da Mata,  3 162 302 ,   2 914
São João da Ponte,  3 162 401 ,   23 930
São João das Missões,  3 162 450 ,   13 024
São João del Rei,  3 162 500 ,   90 225
São João do Manhuaçu,  3 162 559 ,   11 246
São João do Manteninha,  3 162 575 ,   5 331
São João do Oriente,  3 162 609 ,   7 070
São João do Pacuí,  3 162 658 ,   3 972
São João do Paraíso,  3 162 708 ,   23 910
São João Evangelista,  3 162 807 ,   15 315
São João Nepomuceno,  3 162 906 ,   25 565
São Joaquim de Bicas,  3 162 922 ,   34 348
São José da Barra,  3 162 948 ,   7 793
São José da Lapa,  3 162 955 ,   26 090
São José da Safira,  3 163 003 ,   3 806
São José da Varginha,  3 163 102 ,   4 536
São José do Alegre,  3 163 201 ,   4 133
São José do Divino,  3 163 300 ,   3 464
São José do Goiabal,  3 163 409 ,   5 396
São José do Jacuri,  3 163 508 ,   6 197
São José do Mantimento,  3 163 607 ,   2 753
São Lourenço,  3 163 706 ,   44 798
São Miguel do Anta,  3 163 805 ,   6 334
São Pedro da União,  3 163 904 ,   4 885
São Pedro dos Ferros,  3 164 001 ,   7 166
São Pedro do Suaçuí,  3 164 100 ,   5 103
São Romão,  3 164 209 ,   10 315
São Roque de Minas,  3 164 308 ,   7 129
São Sebastião da Bela Vista,  3 164 407 ,   6 387
São Sebastião da Vargem Alegre,  3 164 431 ,   3 113
São Sebastião do Anta,  3 164 472 ,   6 194
São Sebastião do Maranhão,  3 164 506 ,   10 079
São Sebastião do Oeste,  3 164 605 ,   8 815
São Sebastião do Paraíso,  3 164 704 ,   71 796
São Sebastião do Rio Preto,  3 164 803 ,   1 259
São Sebastião do Rio Verde,  3 164 902 ,   2 300
São Tiago,  3 165 008 ,   11 192
São Tomás de Aquino,  3 165 107 ,   6 740
São Tomé das Letras,  3 165 206 ,   6 904
São Vicente de Minas,  3 165 305 ,   6 804
Sapucaí-Mirim,  3 165 404 ,   6 311
Sardoá,  3 165 503 ,   5 104
Sarzedo,  3 165 537 ,   36 844
Setubinha,  3 165 552 ,   9 917
Sem-Peixe,  3 165 560 ,   2 433
Senador Amaral,  3 165 578 ,   6 206
Senador Cortes,  3 165 602 ,   2 240
Senador Firmino,  3 165 701 ,   7 716
Senador José Bento,  3 165 800 ,   2 068
Senador Modestino Gonçalves,  3 165 909 ,   4 008
Senhora de Oliveira,  3 166 006 ,   5 483
Senhora do Porto,  3 166 105 ,   3 067
Senhora dos Remédios,  3 166 204 ,   10 384
Sericita,  3 166 303 ,   7 345
Seritinga,  3 166 402 ,   1 819
Serra Azul de Minas,  3 166 501 ,   3 792
Serra da Saudade,  3 166 600 ,833
Serra dos Aimorés,  3 166 709 ,   6 944
Serra do Salitre,  3 166 808 ,   11 801
Serrania,  3 166 907 ,   7 621
Serranópolis de Minas,  3 166 956 ,   4 399
Serranos,  3 167 004 ,   1 990
Serro,  3 167 103 ,   21 952
Sete Lagoas,  3 167 202 ,   227 397
Silveirânia,  3 167 301 ,   2 323
Silvianópolis,  3 167 400 ,   6 179
Simão Pereira,  3 167 509 ,   2 947
Simonésia,  3 167 608 ,   19 750
Sobrália,  3 167 707 ,   5 137
Soledade de Minas,  3 167 806 ,   5 613
Tabuleiro,  3 167 905 ,   4 014
Taiobeiras,  3 168 002 ,   33 050
Taparuba,  3 168 051 ,   3 387
Tapira,  3 168 101 ,   4 118
Tapiraí,  3 168 200 ,   1 690
Taquaraçu de Minas,  3 168 309 ,   4 224
Tarumirim,  3 168 408 ,   14 709
Teixeiras,  3 168 507 ,   12 255
Teófilo Otoni,  3 168 606 ,   137 418
Timóteo,  3 168 705 ,   81 579
Tiradentes,  3 168 804 ,   7 744
Tiros,  3 168 903 ,   7 883
Tocantins,  3 169 000 ,   16 185
Tocos do Moji,  3 169 059 ,   3 826
Toledo,  3 169 109 ,   7 214
Tombos,  3 169 208 ,   8 609
Três Corações,  3 169 307 ,   75 485
Três Marias,  3 169 356 ,   28 895
Três Pontas,  3 169 406 ,   55 255
Tumiritinga,  3 169 505 ,   5 886
Tupaciguara,  3 169 604 ,   25 470
Turmalina,  3 169 703 ,   20 000
Turvolândia,  3 169 802 ,   4 935
Ubá,  3 169 901 ,   103 365
Ubaí,  3 170 008 ,   11 708
Ubaporanga,  3 170 057 ,   13 017
Uberaba,  3 170 107 ,   337 836
Uberlândia,  3 170 206 ,   713 224
Umburatiba,  3 170 305 ,   2 684
Unaí,  3 170 404 ,   86 619
União de Minas,  3 170 438 ,   3 828
Uruana de Minas,  3 170 479 ,   3 282
Urucânia,  3 170 503 ,   10 600
Urucuia,  3 170 529 ,   17 479
Vargem Alegre,  3 170 578 ,   5 780
Vargem Bonita,  3 170 602 ,   2 158
Vargem Grande do Rio Pardo,  3 170 651 ,   4 633
Varginha,  3 170 701 ,   136 467
Varjão de Minas,  3 170 750 ,   6 969
Várzea da Palma,  3 170 800 ,   33 744
Varzelândia,  3 170 909 ,   18 840
Vazante,  3 171 006 ,   19 975
Verdelândia,  3 171 030 ,   7 672
Veredinha,  3 171 071 ,   5 181
Veríssimo,  3 171 105 ,   3 411
Vermelho Novo,  3 171 154 ,   4 899
Vespasiano,  3 171 204 ,   129 246
Viçosa,  3 171 303 ,   76 430
Vieiras,  3 171 402 ,   3 700
Mathias Lobato,  3 171 501 ,   3 038
Virgem da Lapa,  3 171 600 ,   11 804
Virgínia,  3 171 709 ,   8 908
Virginópolis,  3 171 808 ,   10 314
Virgolândia,  3 171 907 ,   4 552
Visconde do Rio Branco,  3 172 004 ,   39 160
Volta Grande,  3 172 103 ,   4 443
Wenceslau Braz,  3 172 202 ,   2 356
Afonso Cláudio,  3 200 102 ,   30 684
Águia Branca,  3 200 136 ,   9 711
Água Doce do Norte,  3 200 169 ,   12 042
Alegre,  3 200 201 ,   29 177
Alfredo Chaves,  3 200 300 ,   13 836
Alto Rio Novo,  3 200 359 ,   7 434
Anchieta,  3 200 409 ,   29 984
Apiacá,  3 200 508 ,   7 223
Aracruz,  3 200 607 ,   94 765
Atílio Vivácqua,  3 200 706 ,   10 540
Baixo Guandu,  3 200 805 ,   30 674
Barra de São Francisco,  3 200 904 ,   42 498
Boa Esperança,  3 201 001 ,   13 608
Bom Jesus do Norte,  3 201 100 ,   10 254
Brejetuba,  3 201 159 ,   12 985
Cachoeiro de Itapemirim,  3 201 209 ,   185 786
Cariacica,  3 201 308 ,   353 491
Castelo,  3 201 407 ,   36 930
Colatina,  3 201 506 ,   120 033
Conceição da Barra,  3 201 605 ,   27 458
Conceição do Castelo,  3 201 704 ,   11 937
Divino de São Lourenço,  3 201 803 ,   5 083
Domingos Martins,  3 201 902 ,   35 416
Dores do Rio Preto,  3 202 009 ,   6 596
Ecoporanga,  3 202 108 ,   21 992
Fundão,  3 202 207 ,   18 014
Governador Lindenberg,  3 202 256 ,   11 009
Guaçuí,  3 202 306 ,   29 358
Guarapari,  3 202 405 ,   124 656
Ibatiba,  3 202 454 ,   25 380
Ibiraçu,  3 202 504 ,   11 723
Ibitirama,  3 202 553 ,   9 520
Iconha,  3 202 603 ,   12 326
Irupi,  3 202 652 ,   13 710
Itaguaçu,  3 202 702 ,   13 589
Itapemirim,  3 202 801 ,   39 832
Itarana,  3 202 900 ,   10 597
Iúna,  3 203 007 ,   28 590
Jaguaré,  3 203 056 ,   28 931
Jerônimo Monteiro,  3 203 106 ,   11 575
João Neiva,  3 203 130 ,   14 079
Laranja da Terra,  3 203 163 ,   11 094
Linhares,  3 203 205 ,   166 786
Mantenópolis,  3 203 304 ,   12 770
Marataízes,  3 203 320 ,   41 929
Marechal Floriano,  3 203 346 ,   17 641
Marilândia,  3 203 353 ,   12 387
Mimoso do Sul,  3 203 403 ,   24 475
Montanha,  3 203 502 ,   18 900
Mucurici,  3 203 601 ,   5 466
Muniz Freire,  3 203 700 ,   18 153
Muqui,  3 203 809 ,   13 745
Nova Venécia,  3 203 908 ,   49 065
Pancas,  3 204 005 ,   18 893
Pedro Canário,  3 204 054 ,   21 522
Pinheiros,  3 204 104 ,   23 915
Piúma,  3 204 203 ,   22 300
Ponto Belo,  3 204 252 ,   6 497
Presidente Kennedy,  3 204 302 ,   13 696
Rio Bananal,  3 204 351 ,   19 274
Rio Novo do Sul,  3 204 401 ,   11 069
Santa Leopoldina,  3 204 500 ,   13 106
Santa Maria de Jetibá,  3 204 559 ,   41 636
Santa Teresa,  3 204 609 ,   22 808
São Domingos do Norte,  3 204 658 ,   8 589
São Gabriel da Palha,  3 204 708 ,   32 252
São José do Calçado,  3 204 807 ,   10 878
São Mateus,  3 204 906 ,   123 752
São Roque do Canaã,  3 204 955 ,   10 886
Serra,  3 205 002 ,   520 653
Sooretama,  3 205 010 ,   26 502
Vargem Alta,  3 205 036 ,   19 563
Venda Nova do Imigrante,  3 205 069 ,   23 831
Viana,  3 205 101 ,   73 423
Vila Pavão,  3 205 150 ,   8 911
Vila Valério,  3 205 176 ,   13 728
Vila Velha,  3 205 200 ,   467 722
Vitória,  3 205 309 ,   322 869
Angra dos Reis,  3 300 100 ,   167 434
Aperibé,  3 300 159 ,   11 034
Araruama,  3 300 209 ,   129 671
Areal,  3 300 225 ,   11 828
Armação dos Búzios,  3 300 233 ,   40 006
Arraial do Cabo,  3 300 258 ,   30 986
Barra do Piraí,  3 300 308 ,   92 883
Barra Mansa,  3 300 407 ,   169 894
Belford Roxo,  3 300 456 ,   483 087
Bom Jardim,  3 300 506 ,   28 102
Bom Jesus do Itabapoana,  3 300 605 ,   35 173
Cabo Frio,  3 300 704 ,   222 161
Cachoeiras de Macacu,  3 300 803 ,   56 943
Cambuci,  3 300 902 ,   14 616
Carapebus,  3 300 936 ,   13 847
Comendador Levy Gasparian,  3 300 951 ,   8 741
Campos dos Goytacazes,  3 301 009 ,   483 540
Cantagalo,  3 301 108 ,   19 390
Cardoso Moreira,  3 301 157 ,   12 958
Carmo,  3 301 207 ,   17 198
Casimiro de Abreu,  3 301 306 ,   46 110
Conceição de Macabu,  3 301 405 ,   21 104
Cordeiro,  3 301 504 ,   20 783
Duas Barras,  3 301 603 ,   10 980
Duque de Caxias,  3 301 702 ,   808 161
Engenheiro Paulo de Frontin,  3 301 801 ,   12 242
Guapimirim,  3 301 850 ,   51 696
Iguaba Grande,  3 301 876 ,   27 920
Itaboraí,  3 301 900 ,   224 267
Itaguaí,  3 302 007 ,   116 841
Italva,  3 302 056 ,   14 073
Itaocara,  3 302 106 ,   22 919
Itaperuna,  3 302 205 ,   101 041
Itatiaia,  3 302 254 ,   30 908
Japeri,  3 302 270 ,   96 289
Laje do Muriaé,  3 302 304 ,   7 336
Macaé,  3 302 403 ,   246 391
Macuco,  3 302 452 ,   5 415
Magé,  3 302 502 ,   228 127
Mangaratiba,  3 302 601 ,   41 220
Maricá,  3 302 700 ,   197 277
Mendes,  3 302 809 ,   17 502
Mesquita,  3 302 858 ,   167 127
Miguel Pereira,  3 302 908 ,   26 582
Miracema,  3 303 005 ,   26 881
Natividade,  3 303 104 ,   15 074
Nilópolis,  3 303 203 ,   146 774
Niterói,  3 303 302 ,   481 749
Nova Friburgo,  3 303 401 ,   189 939
Nova Iguaçu,  3 303 500 ,   785 867
Paracambi,  3 303 609 ,   41 375
Paraíba do Sul,  3 303 708 ,   42 063
Paraty,  3 303 807 ,   45 243
Paty do Alferes,  3 303 856 ,   29 619
Petrópolis,  3 303 906 ,   278 881
Pinheiral,  3 303 955 ,   24 298
Piraí,  3 304 003 ,   27 474
Porciúncula,  3 304 102 ,   17 288
Porto Real,  3 304 110 ,   20 373
Quatis,  3 304 128 ,   13 682
Queimados,  3 304 144 ,   140 523
Quissamã,  3 304 151 ,   22 393
Resende,  3 304 201 ,   129 612
Rio Bonito,  3 304 300 ,   56 276
Rio Claro,  3 304 409 ,   17 401
Rio das Flores,  3 304 508 ,   8 954
Rio das Ostras,  3 304 524 ,   156 491
Rio de Janeiro,  3 304 557 ,  6 211 223
Santa Maria Madalena,  3 304 607 ,   10 232
Santo Antônio de Pádua,  3 304 706 ,   41 325
São Francisco de Itabapoana,  3 304 755 ,   45 059
São Fidélis,  3 304 805 ,   38 961
São Gonçalo,  3 304 904 ,   896 744
São João da Barra,  3 305 000 ,   36 573
São João de Meriti,  3 305 109 ,   440 962
São José de Ubá,  3 305 133 ,   7 070
São José do Vale do Rio Preto,  3 305 158 ,   22 080
São Pedro da Aldeia,  3 305 208 ,   104 029
São Sebastião do Alto,  3 305 307 ,   7 750
Sapucaia,  3 305 406 ,   17 729
Saquarema,  3 305 505 ,   89 559
Seropédica,  3 305 554 ,   80 596
Silva Jardim,  3 305 604 ,   21 352
Sumidouro,  3 305 703 ,   15 206
Tanguá,  3 305 752 ,   31 086
Teresópolis,  3 305 802 ,   165 123
Trajano de Moraes,  3 305 901 ,   10 302
Três Rios,  3 306 008 ,   78 346
Valença,  3 306 107 ,   68 088
Varre-Sai,  3 306 156 ,   10 207
Vassouras,  3 306 206 ,   33 976
Volta Redonda,  3 306 305 ,   261 563
Adamantina,  3 500 105 ,   34 687
Adolfo,  3 500 204 ,   4 351
Aguaí,  3 500 303 ,   32 072
Águas da Prata,  3 500 402 ,   7 369
Águas de Lindóia,  3 500 501 ,   17 930
Águas de Santa Bárbara,  3 500 550 ,   7 177
Águas de São Pedro,  3 500 600 ,   2 780
Agudos,  3 500 709 ,   37 680
Alambari,  3 500 758 ,   6 141
Alfredo Marcondes,  3 500 808 ,   4 445
Altair,  3 500 907 ,   3 451
Altinópolis,  3 501 004 ,   16 818
Alto Alegre,  3 501 103 ,   3 841
Alumínio,  3 501 152 ,   17 301
Álvares Florence,  3 501 202 ,   3 915
Álvares Machado,  3 501 301 ,   27 255
Álvaro de Carvalho,  3 501 400 ,   4 808
Alvinlândia,  3 501 509 ,   2 885
Americana,  3 501 608 ,   237 240
Américo Brasiliense,  3 501 707 ,   33 019
Américo de Campos,  3 501 806 ,   5 870
Amparo,  3 501 905 ,   68 008
Analândia,  3 502 002 ,   4 589
Andradina,  3 502 101 ,   59 783
Angatuba,  3 502 200 ,   24 022
Anhembi,  3 502 309 ,   5 674
Anhumas,  3 502 408 ,   4 023
Aparecida,  3 502 507 ,   32 569
Aparecida d'Oeste,  3 502 606 ,   4 086
Apiaí,  3 502 705 ,   24 585
Araçariguama,  3 502 754 ,   21 522
Araçatuba,  3 502 804 ,   200 124
Araçoiaba da Serra,  3 502 903 ,   32 443
Aramina,  3 503 000 ,   5 420
Arandu,  3 503 109 ,   6 885
Arapeí,  3 503 158 ,   2 330
Araraquara,  3 503 208 ,   242 228
Araras,  3 503 307 ,   130 866
Arco-Íris,  3 503 356 ,   2 044
Arealva,  3 503 406 ,   8 130
Areias,  3 503 505 ,   3 577
Areiópolis,  3 503 604 ,   10 130
Ariranha,  3 503 703 ,   7 602
Artur Nogueira,  3 503 802 ,   51 456
Arujá,  3 503 901 ,   86 678
Aspásia,  3 503 950 ,   1 842
Assis,  3 504 008 ,   101 409
Atibaia,  3 504 107 ,   158 647
Auriflama,  3 504 206 ,   13 692
Avaí,  3 504 305 ,   4 483
Avanhandava,  3 504 404 ,   11 263
Avaré,  3 504 503 ,   92 805
Bady Bassitt,  3 504 602 ,   27 260
Balbinos,  3 504 701 ,   3 887
Bálsamo,  3 504 800 ,   9 596
Bananal,  3 504 909 ,   9 969
Barão de Antonina,  3 505 005 ,   3 531
Barbosa,  3 505 104 ,   5 640
Bariri,  3 505 203 ,   31 595
Barra Bonita,  3 505 302 ,   34 346
Barra do Chapéu,  3 505 351 ,   5 179
Barra do Turvo,  3 505 401 ,   6 876
Barretos,  3 505 500 ,   122 485
Barrinha,  3 505 609 ,   32 092
Barueri,  3 505 708 ,   316 473
Bastos,  3 505 807 ,   21 503
Batatais,  3 505 906 ,   58 402
Bauru,  3 506 003 ,   379 146
Bebedouro,  3 506 102 ,   76 373
Bento de Abreu,  3 506 201 ,   2 606
Bernardino de Campos,  3 506 300 ,   11 607
Bertioga,  3 506 359 ,   64 188
Bilac,  3 506 409 ,   7 319
Birigui,  3 506 508 ,   118 979
Biritiba Mirim,  3 506 607 ,   29 683
Boa Esperança do Sul,  3 506 706 ,   12 978
Bocaina,  3 506 805 ,   11 259
Bofete,  3 506 904 ,   10 460
Boituva,  3 507 001 ,   61 081
Bom Jesus dos Perdões,  3 507 100 ,   22 006
Bom Sucesso de Itararé,  3 507 159 ,   3 555
Borá,  3 507 209 ,907
Boracéia,  3 507 308 ,   4 715
Borborema,  3 507 407 ,   14 226
Borebi,  3 507 456 ,   2 713
Botucatu,  3 507 506 ,   145 155
Bragança Paulista,  3 507 605 ,   176 811
Braúna,  3 507 704 ,   5 356
Brejo Alegre,  3 507 753 ,   2 565
Brodowski,  3 507 803 ,   25 201
Brotas,  3 507 902 ,   23 898
Buri,  3 508 009 ,   20 250
Buritama,  3 508 108 ,   17 210
Buritizal,  3 508 207 ,   4 356
Cabrália Paulista,  3 508 306 ,   4 299
Cabreúva,  3 508 405 ,   47 011
Caçapava,  3 508 504 ,   96 202
Cachoeira Paulista,  3 508 603 ,   31 564
Caconde,  3 508 702 ,   17 101
Cafelândia,  3 508 801 ,   16 654
Caiabu,  3 508 900 ,   3 712
Caieiras,  3 509 007 ,   95 032
Caiuá,  3 509 106 ,   5 466
Cajamar,  3 509 205 ,   92 689
Cajati,  3 509 254 ,   28 515
Cajobi,  3 509 304 ,   9 133
Cajuru,  3 509 403 ,   23 830
Campina do Monte Alegre,  3 509 452 ,   5 954
Campinas,  3 509 502 ,  1 139 047
Campo Limpo Paulista,  3 509 601 ,   77 632
Campos do Jordão,  3 509 700 ,   46 974
Campos Novos Paulista,  3 509 809 ,   4 888
Cananéia,  3 509 908 ,   12 289
Canas,  3 509 957 ,   4 931
Cândido Mota,  3 510 005 ,   29 449
Cândido Rodrigues,  3 510 104 ,   2 889
Canitar,  3 510 153 ,   6 283
Capão Bonito,  3 510 203 ,   46 337
Capela do Alto,  3 510 302 ,   22 866
Capivari,  3 510 401 ,   50 068
Caraguatatuba,  3 510 500 ,   134 873
Carapicuíba,  3 510 609 ,   386 984
Cardoso,  3 510 708 ,   11 345
Casa Branca,  3 510 807 ,   28 083
Cássia dos Coqueiros,  3 510 906 ,   2 799
Castilho,  3 511 003 ,   19 977
Catanduva,  3 511 102 ,   115 791
Catiguá,  3 511 201 ,   7 003
Cedral,  3 511 300 ,   12 618
Cerqueira César,  3 511 409 ,   21 469
Cerquilho,  3 511 508 ,   44 695
Cesário Lange,  3 511 607 ,   19 048
Charqueada,  3 511 706 ,   15 535
Clementina,  3 511 904 ,   6 982
Colina,  3 512 001 ,   18 486
Colômbia,  3 512 100 ,   6 629
Conchal,  3 512 209 ,   28 101
Conchas,  3 512 308 ,   15 232
Cordeirópolis,  3 512 407 ,   24 514
Coroados,  3 512 506 ,   5 400
Coronel Macedo,  3 512 605 ,   4 280
Corumbataí,  3 512 704 ,   4 195
Cosmópolis,  3 512 803 ,   59 773
Cosmorama,  3 512 902 ,   8 719
Cotia,  3 513 009 ,   274 413
Cravinhos,  3 513 108 ,   33 281
Cristais Paulista,  3 513 207 ,   9 272
Cruzália,  3 513 306 ,   2 108
Cruzeiro,  3 513 405 ,   74 961
Cubatão,  3 513 504 ,   112 476
Cunha,  3 513 603 ,   22 110
Descalvado,  3 513 702 ,   31 756
Diadema,  3 513 801 ,   393 237
Dirce Reis,  3 513 850 ,   1 620
Divinolândia,  3 513 900 ,   11 158
Dobrada,  3 514 007 ,   8 759
Dois Córregos,  3 514 106 ,   24 510
Dolcinópolis,  3 514 205 ,   2 207
Dourado,  3 514 304 ,   8 096
Dracena,  3 514 403 ,   45 474
Duartina,  3 514 502 ,   12 328
Dumont,  3 514 601 ,   9 471
Echaporã,  3 514 700 ,   6 205
Eldorado,  3 514 809 ,   13 069
Elias Fausto,  3 514 908 ,   17 699
Elisiário,  3 514 924 ,   3 138
Embaúba,  3 514 957 ,   2 323
Embu das Artes,  3 515 004 ,   250 691
Embu-Guaçu,  3 515 103 ,   66 970
Emilianópolis,  3 515 129 ,   3 014
Engenheiro Coelho,  3 515 152 ,   19 566
Espírito Santo do Pinhal,  3 515 186 ,   39 816
Espírito Santo do Turvo,  3 515 194 ,   4 157
Estrela d'Oeste,  3 515 202 ,   9 417
Estrela do Norte,  3 515 301 ,   2 703
Euclides da Cunha Paulista,  3 515 350 ,   7 924
Fartura,  3 515 400 ,   16 641
Fernandópolis,  3 515 509 ,   71 186
Fernando Prestes,  3 515 608 ,   5 942
Fernão,  3 515 657 ,   1 656
Ferraz de Vasconcelos,  3 515 707 ,   179 198
Flora Rica,  3 515 806 ,   1 487
Floreal,  3 515 905 ,   2 733
Flórida Paulista,  3 516 002 ,   12 958
Florínea,  3 516 101 ,   3 851
Franca,  3 516 200 ,   352 536
Francisco Morato,  3 516 309 ,   165 139
Franco da Rocha,  3 516 408 ,   144 849
Gabriel Monteiro,  3 516 507 ,   2 763
Gália,  3 516 606 ,   6 380
Garça,  3 516 705 ,   42 110
Gastão Vidigal,  3 516 804 ,   3 252
Gavião Peixoto,  3 516 853 ,   4 702
General Salgado,  3 516 903 ,   10 312
Getulina,  3 517 000 ,   10 232
Glicério,  3 517 109 ,   4 138
Guaiçara,  3 517 208 ,   11 239
Guaimbê,  3 517 307 ,   5 512
Guaíra,  3 517 406 ,   39 279
Guapiaçu,  3 517 505 ,   21 711
Guapiara,  3 517 604 ,   17 071
Guará,  3 517 703 ,   18 606
Guaraçaí,  3 517 802 ,   7 441
Guaraci,  3 517 901 ,   10 350
Guarani d'Oeste,  3 518 008 ,   1 968
Guarantã,  3 518 107 ,   6 427
Guararapes,  3 518 206 ,   31 043
Guararema,  3 518 305 ,   31 236
Guaratinguetá,  3 518 404 ,   118 044
Guareí,  3 518 503 ,   15 013
Guariba,  3 518 602 ,   37 498
Guarujá,  3 518 701 ,   287 634
Guarulhos,  3 518 800 ,  1 291 771
Guatapará,  3 518 859 ,   7 320
Guzolândia,  3 518 909 ,   4 246
Herculândia,  3 519 006 ,   9 125
Holambra,  3 519 055 ,   15 094
Hortolândia,  3 519 071 ,   236 641
Iacanga,  3 519 105 ,   10 437
Iacri,  3 519 204 ,   6 131
Iaras,  3 519 253 ,   8 010
Ibaté,  3 519 303 ,   32 178
Ibirá,  3 519 402 ,   11 690
Ibirarema,  3 519 501 ,   6 385
Ibitinga,  3 519 600 ,   60 033
Ibiúna,  3 519 709 ,   75 605
Icém,  3 519 808 ,   7 819
Iepê,  3 519 907 ,   7 619
Igaraçu do Tietê,  3 520 004 ,   23 106
Igarapava,  3 520 103 ,   26 212
Igaratá,  3 520 202 ,   10 605
Iguape,  3 520 301 ,   29 115
Ilhabela,  3 520 400 ,   34 934
Ilha Comprida,  3 520 426 ,   13 419
Ilha Solteira,  3 520 442 ,   25 549
Indaiatuba,  3 520 509 ,   255 748
Indiana,  3 520 608 ,   5 090
Indiaporã,  3 520 707 ,   4 035
Inúbia Paulista,  3 520 806 ,   3 615
Ipaussu,  3 520 905 ,   13 712
Iperó,  3 521 002 ,   36 459
Ipeúna,  3 521 101 ,   6 831
Ipiguá,  3 521 150 ,   6 761
Iporanga,  3 521 200 ,   4 046
Ipuã,  3 521 309 ,   14 454
Iracemápolis,  3 521 408 ,   21 967
Irapuã,  3 521 507 ,   6 867
Irapuru,  3 521 606 ,   7 085
Itaberá,  3 521 705 ,   17 983
Itaí,  3 521 804 ,   25 180
Itajobi,  3 521 903 ,   16 989
Itaju,  3 522 000 ,   3 618
Itanhaém,  3 522 109 ,   112 476
Itaoca,  3 522 158 ,   3 422
Itapecerica da Serra,  3 522 208 ,   158 522
Itapetininga,  3 522 307 ,   157 790
Itapeva,  3 522 406 ,   89 728
Itapevi,  3 522 505 ,   232 297
Itapira,  3 522 604 ,   72 022
Itapirapuã Paulista,  3 522 653 ,   4 306
Itápolis,  3 522 703 ,   39 493
Itaporanga,  3 522 802 ,   14 085
Itapuí,  3 522 901 ,   13 659
Itapura,  3 523 008 ,   3 979
Itaquaquecetuba,  3 523 107 ,   369 275
Itararé,  3 523 206 ,   44 438
Itariri,  3 523 305 ,   15 528
Itatiba,  3 523 404 ,   121 590
Itatinga,  3 523 503 ,   19 070
Itirapina,  3 523 602 ,   16 148
Itirapuã,  3 523 701 ,   5 779
Itobi,  3 523 800 ,   8 046
Itu,  3 523 909 ,   168 240
Itupeva,  3 524 006 ,   70 616
Ituverava,  3 524 105 ,   37 571
Jaborandi,  3 524 204 ,   6 221
Jaboticabal,  3 524 303 ,   71 821
Jacareí,  3 524 402 ,   240 275
Jaci,  3 524 501 ,   7 613
Jacupiranga,  3 524 600 ,   16 097
Jaguariúna,  3 524 709 ,   59 347
Jales,  3 524 808 ,   48 776
Jambeiro,  3 524 907 ,   6 397
Jandira,  3 525 003 ,   118 045
Jardinópolis,  3 525 102 ,   45 282
Jarinu,  3 525 201 ,   37 535
Jaú,  3 525 300 ,   133 497
Jeriquara,  3 525 409 ,   3 863
Joanópolis,  3 525 508 ,   12 815
João Ramalho,  3 525 607 ,   4 371
José Bonifácio,  3 525 706 ,   36 633
Júlio Mesquita,  3 525 805 ,   4 254
Jumirim,  3 525 854 ,   3 056
Jundiaí,  3 525 904 ,   443 221
Junqueirópolis,  3 526 001 ,   20 448
Juquiá,  3 526 100 ,   17 154
Juquitiba,  3 526 209 ,   27 404
Lagoinha,  3 526 308 ,   5 083
Laranjal Paulista,  3 526 407 ,   26 261
Lavínia,  3 526 506 ,   9 689
Lavrinhas,  3 526 605 ,   7 171
Leme,  3 526 704 ,   98 161
Lençóis Paulista,  3 526 803 ,   66 505
Limeira,  3 526 902 ,   291 869
Lindóia,  3 527 009 ,   7 014
Lins,  3 527 108 ,   74 779
Lorena,  3 527 207 ,   84 855
Lourdes,  3 527 256 ,   1 950
Louveira,  3 527 306 ,   51 847
Lucélia,  3 527 405 ,   20 061
Lucianópolis,  3 527 504 ,   2 372
Luís Antônio,  3 527 603 ,   12 265
Luiziânia,  3 527 702 ,   4 701
Lupércio,  3 527 801 ,   3 981
Lutécia,  3 527 900 ,   2 661
Macatuba,  3 528 007 ,   16 829
Macaubal,  3 528 106 ,   7 481
Macedônia,  3 528 205 ,   3 963
Magda,  3 528 304 ,   3 165
Mairinque,  3 528 403 ,   50 027
Mairiporã,  3 528 502 ,   93 853
Manduri,  3 528 601 ,   9 871
Marabá Paulista,  3 528 700 ,   4 573
Maracaí,  3 528 809 ,   12 673
Marapoama,  3 528 858 ,   3 292
Mariápolis,  3 528 908 ,   3 513
Marília,  3 529 005 ,   237 627
Marinópolis,  3 529 104 ,   1 860
Martinópolis,  3 529 203 ,   24 881
Matão,  3 529 302 ,   79 033
Mauá,  3 529 401 ,   418 261
Mendonça,  3 529 500 ,   6 159
Meridiano,  3 529 609 ,   4 572
Mesópolis,  3 529 658 ,   1 952
Miguelópolis,  3 529 708 ,   19 441
Mineiros do Tietê,  3 529 807 ,   11 230
Miracatu,  3 529 906 ,   18 553
Mira Estrela,  3 530 003 ,   3 126
Mirandópolis,  3 530 102 ,   27 983
Mirante do Paranapanema,  3 530 201 ,   15 917
Mirassol,  3 530 300 ,   63 337
Mirassolândia,  3 530 409 ,   4 669
Mococa,  3 530 508 ,   67 681
Mogi das Cruzes,  3 530 607 ,   451 505
Mogi Guaçu,  3 530 706 ,   153 658
Mogi Mirim,  3 530 805 ,   92 558
Mombuca,  3 530 904 ,   3 722
Monções,  3 531 001 ,   1 937
Mongaguá,  3 531 100 ,   61 951
Monte Alegre do Sul,  3 531 209 ,   8 627
Monte Alto,  3 531 308 ,   47 574
Monte Aprazível,  3 531 407 ,   22 280
Monte Azul Paulista,  3 531 506 ,   18 151
Monte Castelo,  3 531 605 ,   4 222
Monteiro Lobato,  3 531 704 ,   4 138
Monte Mor,  3 531 803 ,   64 662
Morro Agudo,  3 531 902 ,   27 933
Morungaba,  3 532 009 ,   13 720
Motuca,  3 532 058 ,   4 034
Murutinga do Sul,  3 532 108 ,   3 737
Nantes,  3 532 157 ,   2 660
Narandiba,  3 532 207 ,   5 713
Natividade da Serra,  3 532 306 ,   6 999
Nazaré Paulista,  3 532 405 ,   18 217
Neves Paulista,  3 532 504 ,   9 699
Nhandeara,  3 532 603 ,   9 852
Nipoã,  3 532 702 ,   4 750
Nova Aliança,  3 532 801 ,   6 693
Nova Campina,  3 532 827 ,   8 497
Nova Canaã Paulista,  3 532 843 ,   2 032
Nova Castilho,  3 532 868 ,   1 062
Nova Europa,  3 532 900 ,   9 311
Nova Granada,  3 533 007 ,   19 419
Nova Guataporanga,  3 533 106 ,   2 156
Nova Independência,  3 533 205 ,   4 609
Novais,  3 533 254 ,   4 412
Nova Luzitânia,  3 533 304 ,   2 837
Nova Odessa,  3 533 403 ,   62 019
Novo Horizonte,  3 533 502 ,   38 324
Nuporanga,  3 533 601 ,   7 391
Ocauçu,  3 533 700 ,   4 331
Óleo,  3 533 809 ,   2 512
Olímpia,  3 533 908 ,   55 074
Onda Verde,  3 534 005 ,   4 771
Oriente,  3 534 104 ,   6 085
Orindiúva,  3 534 203 ,   6 024
Orlândia,  3 534 302 ,   38 319
Osasco,  3 534 401 ,   728 615
Oscar Bressane,  3 534 500 ,   2 470
Osvaldo Cruz,  3 534 609 ,   31 272
Ourinhos,  3 534 708 ,   103 970
Ouroeste,  3 534 757 ,   10 294
Ouro Verde,  3 534 807 ,   7 779
Pacaembu,  3 534 906 ,   14 877
Palestina,  3 535 002 ,   11 476
Palmares Paulista,  3 535 101 ,   9 650
Palmeira d'Oeste,  3 535 200 ,   8 903
Palmital,  3 535 309 ,   19 594
Panorama,  3 535 408 ,   14 964
Paraguaçu Paulista,  3 535 507 ,   41 120
Paraibuna,  3 535 606 ,   17 667
Paraíso,  3 535 705 ,   6 099
Paranapanema,  3 535 804 ,   19 395
Paranapuã,  3 535 903 ,   4 031
Parapuã,  3 536 000 ,   10 580
Pardinho,  3 536 109 ,   7 153
Pariquera-Açu,  3 536 208 ,   19 233
Parisi,  3 536 257 ,   2 892
Patrocínio Paulista,  3 536 307 ,   14 512
Paulicéia,  3 536 406 ,   7 955
Paulínia,  3 536 505 ,   110 537
Paulistânia,  3 536 570 ,   2 090
Paulo de Faria,  3 536 604 ,   7 400
Pederneiras,  3 536 703 ,   44 827
Pedra Bela,  3 536 802 ,   6 557
Pedranópolis,  3 536 901 ,   2 787
Pedregulho,  3 537 008 ,   15 525
Pedreira,  3 537 107 ,   43 112
Pedrinhas Paulista,  3 537 156 ,   2 804
Pedro de Toledo,  3 537 206 ,   11 281
Penápolis,  3 537 305 ,   61 679
Pereira Barreto,  3 537 404 ,   24 095
Pereiras,  3 537 503 ,   8 737
Peruíbe,  3 537 602 ,   68 352
Piacatu,  3 537 701 ,   5 519
Piedade,  3 537 800 ,   52 970
Pilar do Sul,  3 537 909 ,   27 619
Pindamonhangaba,  3 538 006 ,   165 428
Pindorama,  3 538 105 ,   14 542
Pinhalzinho,  3 538 204 ,   15 224
Piquerobi,  3 538 303 ,   3 264
Piquete,  3 538 501 ,   12 490
Piracaia,  3 538 600 ,   26 029
Piracicaba,  3 538 709 ,   423 323
Piraju,  3 538 808 ,   29 436
Pirajuí,  3 538 907 ,   22 431
Pirangi,  3 539 004 ,   10 885
Pirapora do Bom Jesus,  3 539 103 ,   18 370
Pirapozinho,  3 539 202 ,   25 348
Pirassununga,  3 539 301 ,   73 545
Piratininga,  3 539 400 ,   15 108
Pitangueiras,  3 539 509 ,   33 674
Planalto,  3 539 608 ,   4 389
Platina,  3 539 707 ,   3 025
Poá,  3 539 806 ,   103 765
Poloni,  3 539 905 ,   5 592
Pompéia,  3 540 002 ,   20 196
Pongaí,  3 540 101 ,   3 395
Pontal,  3 540 200 ,   37 607
Pontalinda,  3 540 259 ,   4 127
Pontes Gestal,  3 540 309 ,   2 387
Populina,  3 540 408 ,   4 127
Porangaba,  3 540 507 ,   10 451
Porto Feliz,  3 540 606 ,   56 497
Porto Ferreira,  3 540 705 ,   52 649
Potim,  3 540 754 ,   20 392
Potirendaba,  3 540 804 ,   18 496
Pracinha,  3 540 853 ,   2 578
Pradópolis,  3 540 903 ,   17 078
Praia Grande,  3 541 000 ,   349 935
Pratânia,  3 541 059 ,   5 126
Presidente Alves,  3 541 109 ,   3 804
Presidente Bernardes,  3 541 208 ,   14 490
Presidente Epitácio,  3 541 307 ,   39 505
Presidente Prudente,  3 541 406 ,   225 668
Presidente Venceslau,  3 541 505 ,   35 201
Promissão,  3 541 604 ,   35 131
Quadra,  3 541 653 ,   3 405
Quatá,  3 541 703 ,   13 163
Queiroz,  3 541 802 ,   3 265
Queluz,  3 541 901 ,   9 159
Quintana,  3 542 008 ,   7 038
Rafard,  3 542 107 ,   8 965
Rancharia,  3 542 206 ,   28 588
Redenção da Serra,  3 542 305 ,   4 494
Regente Feijó,  3 542 404 ,   20 145
Reginópolis,  3 542 503 ,   7 662
Registro,  3 542 602 ,   59 947
Restinga,  3 542 701 ,   6 404
Ribeira,  3 542 800 ,   3 132
Ribeirão Bonito,  3 542 909 ,   10 989
Ribeirão Branco,  3 543 006 ,   18 627
Ribeirão Corrente,  3 543 105 ,   4 608
Ribeirão do Sul,  3 543 204 ,   4 677
Ribeirão dos Índios,  3 543 238 ,   2 025
Ribeirão Grande,  3 543 253 ,   7 450
Ribeirão Pires,  3 543 303 ,   115 559
Ribeirão Preto,  3 543 402 ,   698 642
Riversul,  3 543 501 ,   5 599
Rifaina,  3 543 600 ,   4 049
Rincão,  3 543 709 ,   9 098
Rinópolis,  3 543 808 ,   9 259
Rio Claro,  3 543 907 ,   201 418
Rio das Pedras,  3 544 004 ,   31 328
Rio Grande da Serra,  3 544 103 ,   44 170
Riolândia,  3 544 202 ,   10 309
Rosana,  3 544 251 ,   17 440
Roseira,  3 544 301 ,   10 832
Rubiácea,  3 544 400 ,   2 700
Rubinéia,  3 544 509 ,   3 833
Sabino,  3 544 608 ,   5 112
Sagres,  3 544 707 ,   2 474
Sales,  3 544 806 ,   6 437
Sales Oliveira,  3 544 905 ,   11 411
Salesópolis,  3 545 001 ,   15 202
Salmourão,  3 545 100 ,   4 808
Saltinho,  3 545 159 ,   8 161
Salto,  3 545 209 ,   134 319
Salto de Pirapora,  3 545 308 ,   43 748
Salto Grande,  3 545 407 ,   9 050
Sandovalina,  3 545 506 ,   3 645
Santa Adélia,  3 545 605 ,   14 018
Santa Albertina,  3 545 704 ,   6 393
Santa Bárbara d'Oeste,  3 545 803 ,   183 347
Santa Branca,  3 546 009 ,   13 975
Santa Clara d'Oeste,  3 546 108 ,   2 598
Santa Cruz da Conceição,  3 546 207 ,   4 277
Santa Cruz da Esperança,  3 546 256 ,   2 116
Santa Cruz das Palmeiras,  3 546 306 ,   28 864
Santa Cruz do Rio Pardo,  3 546 405 ,   46 442
Santa Ernestina,  3 546 504 ,   6 118
Santa Fé do Sul,  3 546 603 ,   34 794
Santa Gertrudes,  3 546 702 ,   23 611
Santa Isabel,  3 546 801 ,   53 174
Santa Lúcia,  3 546 900 ,   7 149
Santa Maria da Serra,  3 547 007 ,   5 243
Santa Mercedes,  3 547 106 ,   2 956
Santana da Ponte Pensa,  3 547 205 ,   1 670
Santana de Parnaíba,  3 547 304 ,   154 105
Santa Rita d'Oeste,  3 547 403 ,   2 733
Santa Rita do Passa Quatro,  3 547 502 ,   24 833
Santa Rosa de Viterbo,  3 547 601 ,   23 411
Santa Salete,  3 547 650 ,   1 645
Santo Anastácio,  3 547 700 ,   17 963
Santo André,  3 547 809 ,   748 919
Santo Antônio da Alegria,  3 547 908 ,   6 775
Santo Antônio de Posse,  3 548 005 ,   23 244
Santo Antônio do Aracanguá,  3 548 054 ,   8 379
Santo Antônio do Jardim,  3 548 104 ,   6 126
Santo Antônio do Pinhal,  3 548 203 ,   7 133
Santo Expedito,  3 548 302 ,   3 000
Santópolis do Aguapeí,  3 548 401 ,   3 899
Santos,  3 548 500 ,   418 608
São Bento do Sapucaí,  3 548 609 ,   11 674
São Bernardo do Campo,  3 548 708 ,   810 729
São Caetano do Sul,  3 548 807 ,   165 655
São Carlos,  3 548 906 ,   254 857
São Francisco,  3 549 003 ,   2 602
São João da Boa Vista,  3 549 102 ,   92 547
São João das Duas Pontes,  3 549 201 ,   2 580
São João de Iracema,  3 549 250 ,   1 846
São João do Pau d'Alho,  3 549 300 ,   2 242
São Joaquim da Barra,  3 549 409 ,   48 558
São José da Bela Vista,  3 549 508 ,   7 626
São José do Barreiro,  3 549 607 ,   3 853
São José do Rio Pardo,  3 549 706 ,   52 205
São José do Rio Preto,  3 549 805 ,   480 393
São José dos Campos,  3 549 904 ,   697 054
São Lourenço da Serra,  3 549 953 ,   16 067
São Luiz do Paraitinga,  3 550 001 ,   10 337
São Manuel,  3 550 100 ,   37 289
São Miguel Arcanjo,  3 550 209 ,   32 039
São Paulo,  3 550 308 ,  11 451 999
São Pedro,  3 550 407 ,   38 256
São Pedro do Turvo,  3 550 506 ,   7 217
São Roque,  3 550 605 ,   79 484
São Sebastião,  3 550 704 ,   81 595
São Sebastião da Grama,  3 550 803 ,   10 441
São Simão,  3 550 902 ,   13 442
São Vicente,  3 551 009 ,   329 911
Sarapuí,  3 551 108 ,   10 369
Sarutaiá,  3 551 207 ,   3 704
Sebastianópolis do Sul,  3 551 306 ,   3 130
Serra Azul,  3 551 405 ,   12 746
Serrana,  3 551 504 ,   43 909
Serra Negra,  3 551 603 ,   29 894
Sertãozinho,  3 551 702 ,   126 887
Sete Barras,  3 551 801 ,   12 730
Severínia,  3 551 900 ,   14 576
Silveiras,  3 552 007 ,   6 186
Socorro,  3 552 106 ,   40 122
Sorocaba,  3 552 205 ,   723 682
Sud Mennucci,  3 552 304 ,   7 355
Sumaré,  3 552 403 ,   279 545
Suzano,  3 552 502 ,   307 429
Suzanápolis,  3 552 551 ,   3 408
Tabapuã,  3 552 601 ,   11 323
Tabatinga,  3 552 700 ,   14 769
Taboão da Serra,  3 552 809 ,   273 542
Taciba,  3 552 908 ,   6 260
Taguaí,  3 553 005 ,   12 669
Taiaçu,  3 553 104 ,   5 677
Taiúva,  3 553 203 ,   6 548
Tambaú,  3 553 302 ,   21 435
Tanabi,  3 553 401 ,   25 265
Tapiraí,  3 553 500 ,   7 996
Tapiratiba,  3 553 609 ,   11 816
Taquaral,  3 553 658 ,   2 619
Taquaritinga,  3 553 708 ,   52 260
Taquarituba,  3 553 807 ,   24 350
Taquarivaí,  3 553 856 ,   6 876
Tarabai,  3 553 906 ,   6 536
Tarumã,  3 553 955 ,   14 882
Tatuí,  3 554 003 ,   123 942
Taubaté,  3 554 102 ,   310 739
Tejupá,  3 554 201 ,   4 127
Teodoro Sampaio,  3 554 300 ,   22 173
Terra Roxa,  3 554 409 ,   7 904
Tietê,  3 554 508 ,   37 663
Timburi,  3 554 607 ,   2 464
Torre de Pedra,  3 554 656 ,   2 046
Torrinha,  3 554 706 ,   9 335
Trabiju,  3 554 755 ,   1 682
Tremembé,  3 554 805 ,   51 173
Três Fronteiras,  3 554 904 ,   6 804
Tuiuti,  3 554 953 ,   6 778
Tupã,  3 555 000 ,   63 928
Tupi Paulista,  3 555 109 ,   15 854
Turiúba,  3 555 208 ,   1 818
Turmalina,  3 555 307 ,   1 669
Ubarana,  3 555 356 ,   5 365
Ubatuba,  3 555 406 ,   92 981
Ubirajara,  3 555 505 ,   5 132
Uchoa,  3 555 604 ,   10 394
União Paulista,  3 555 703 ,   1 603
Urânia,  3 555 802 ,   8 833
Uru,  3 555 901 ,   1 387
Urupês,  3 556 008 ,   13 744
Valentim Gentil,  3 556 107 ,   14 098
Valinhos,  3 556 206 ,   126 373
Valparaíso,  3 556 305 ,   24 241
Vargem,  3 556 354 ,   10 512
Vargem Grande do Sul,  3 556 404 ,   40 133
Vargem Grande Paulista,  3 556 453 ,   50 415
Várzea Paulista,  3 556 503 ,   115 771
Vera Cruz,  3 556 602 ,   10 176
Vinhedo,  3 556 701 ,   76 540
Viradouro,  3 556 800 ,   17 414
Vista Alegre do Alto,  3 556 909 ,   8 109
Vitória Brasil,  3 556 958 ,   1 794
Votorantim,  3 557 006 ,   127 923
Votuporanga,  3 557 105 ,   96 634
Zacarias,  3 557 154 ,   2 692
Chavantes,  3 557 204 ,   12 211
Estiva Gerbi,  3 557 303 ,   11 295
Abatiá,  4 100 103 ,   7 241
Adrianópolis,  4 100 202 ,   6 256
Agudos do Sul,  4 100 301 ,   10 233
Almirante Tamandaré,  4 100 400 ,   119 825
Altamira do Paraná,  4 100 459 ,   3 590
Altônia,  4 100 509 ,   18 742
Alto Paraná,  4 100 608 ,   13 909
Alto Piquiri,  4 100 707 ,   9 727
Alvorada do Sul,  4 100 806 ,   10 326
Amaporã,  4 100 905 ,   4 762
Ampére,  4 101 002 ,   19 620
Anahy,  4 101 051 ,   2 918
Andirá,  4 101 101 ,   19 878
Ângulo,  4 101 150 ,   3 235
Antonina,  4 101 200 ,   18 091
Antônio Olinto,  4 101 309 ,   7 018
Apucarana,  4 101 408 ,   130 134
Arapongas,  4 101 507 ,   119 138
Arapoti,  4 101 606 ,   25 777
Arapuã,  4 101 655 ,   3 527
Araruna,  4 101 705 ,   14 485
Araucária,  4 101 804 ,   151 666
Ariranha do Ivaí,  4 101 853 ,   2 329
Assaí,  4 101 903 ,   13 797
Assis Chateaubriand,  4 102 000 ,   36 808
Astorga,  4 102 109 ,   25 475
Atalaia,  4 102 208 ,   3 980
Balsa Nova,  4 102 307 ,   13 395
Bandeirantes,  4 102 406 ,   31 273
Barbosa Ferraz,  4 102 505 ,   10 795
Barracão,  4 102 604 ,   9 759
Barra do Jacaré,  4 102 703 ,   2 814
Bela Vista da Caroba,  4 102 752 ,   4 031
Bela Vista do Paraíso,  4 102 802 ,   14 833
Bituruna,  4 102 901 ,   15 533
Boa Esperança,  4 103 008 ,   4 558
Boa Esperança do Iguaçu,  4 103 024 ,   2 455
Boa Ventura de São Roque,  4 103 040 ,   6 378
Boa Vista da Aparecida,  4 103 057 ,   7 924
Bocaiúva do Sul,  4 103 107 ,   13 299
Bom Jesus do Sul,  4 103 156 ,   3 980
Bom Sucesso,  4 103 206 ,   6 581
Bom Sucesso do Sul,  4 103 222 ,   3 202
Borrazópolis,  4 103 305 ,   7 735
Braganey,  4 103 354 ,   4 854
Brasilândia do Sul,  4 103 370 ,   3 708
Cafeara,  4 103 404 ,   2 627
Cafelândia,  4 103 453 ,   18 997
Cafezal do Sul,  4 103 479 ,   4 473
Califórnia,  4 103 503 ,   8 710
Cambará,  4 103 602 ,   23 212
Cambé,  4 103 701 ,   107 208
Cambira,  4 103 800 ,   9 460
Campina da Lagoa,  4 103 909 ,   15 723
Campina do Simão,  4 103 958 ,   3 936
Campina Grande do Sul,  4 104 006 ,   47 825
Campo Bonito,  4 104 055 ,   4 027
Campo do Tenente,  4 104 105 ,   7 508
Campo Largo,  4 104 204 ,   136 327
Campo Magro,  4 104 253 ,   30 160
Campo Mourão,  4 104 303 ,   99 432
Cândido de Abreu,  4 104 402 ,   15 244
Candói,  4 104 428 ,   14 973
Cantagalo,  4 104 451 ,   10 933
Capanema,  4 104 501 ,   20 481
Capitão Leônidas Marques,  4 104 600 ,   14 648
Carambeí,  4 104 659 ,   23 283
Carlópolis,  4 104 709 ,   16 905
Cascavel,  4 104 808 ,   348 051
Castro,  4 104 907 ,   73 075
Catanduvas,  4 105 003 ,   10 446
Centenário do Sul,  4 105 102 ,   10 832
Cerro Azul,  4 105 201 ,   16 134
Céu Azul,  4 105 300 ,   11 087
Chopinzinho,  4 105 409 ,   21 085
Cianorte,  4 105 508 ,   79 527
Cidade Gaúcha,  4 105 607 ,   11 467
Clevelândia,  4 105 706 ,   15 070
Colombo,  4 105 805 ,   232 212
Colorado,  4 105 904 ,   22 896
Congonhinhas,  4 106 001 ,   8 320
Conselheiro Mairinck,  4 106 100 ,   3 461
Contenda,  4 106 209 ,   19 128
Corbélia,  4 106 308 ,   17 470
Cornélio Procópio,  4 106 407 ,   45 206
Coronel Domingos Soares,  4 106 456 ,   5 649
Coronel Vivida,  4 106 506 ,   23 331
Corumbataí do Sul,  4 106 555 ,   3 760
Cruzeiro do Iguaçu,  4 106 571 ,   4 133
Cruzeiro do Oeste,  4 106 605 ,   23 831
Cruzeiro do Sul,  4 106 704 ,   4 494
Cruz Machado,  4 106 803 ,   15 978
Cruzmaltina,  4 106 852 ,   2 892
Curitiba,  4 106 902 ,  1 773 718
Curiúva,  4 107 009 ,   13 647
Diamante do Norte,  4 107 108 ,   5 142
Diamante do Sul,  4 107 124 ,   3 171
Diamante D'Oeste,  4 107 157 ,   4 557
Dois Vizinhos,  4 107 207 ,   44 869
Douradina,  4 107 256 ,   9 161
Doutor Camargo,  4 107 306 ,   6 327
Enéas Marques,  4 107 405 ,   5 999
Engenheiro Beltrão,  4 107 504 ,   12 454
Esperança Nova,  4 107 520 ,   1 849
Entre Rios do Oeste,  4 107 538 ,   4 575
Espigão Alto do Iguaçu,  4 107 546 ,   4 797
Farol,  4 107 553 ,   3 039
Faxinal,  4 107 603 ,   16 389
Fazenda Rio Grande,  4 107 652 ,   148 873
Fênix,  4 107 702 ,   4 492
Fernandes Pinheiro,  4 107 736 ,   6 255
Figueira,  4 107 751 ,   8 062
Floraí,  4 107 801 ,   4 792
Flor da Serra do Sul,  4 107 850 ,   4 364
Floresta,  4 107 900 ,   10 458
Florestópolis,  4 108 007 ,   11 446
Flórida,  4 108 106 ,   2 652
Formosa do Oeste,  4 108 205 ,   7 635
Foz do Iguaçu,  4 108 304 ,   285 415
Francisco Alves,  4 108 320 ,   8 116
Francisco Beltrão,  4 108 403 ,   96 666
Foz do Jordão,  4 108 452 ,   4 926
General Carneiro,  4 108 502 ,   11 062
Godoy Moreira,  4 108 551 ,   2 977
Goioerê,  4 108 601 ,   28 437
Goioxim,  4 108 650 ,   6 566
Grandes Rios,  4 108 700 ,   5 641
Guaíra,  4 108 809 ,   32 097
Guairaçá,  4 108 908 ,   6 587
Guamiranga,  4 108 957 ,   7 856
Guapirama,  4 109 005 ,   4 626
Guaporema,  4 109 104 ,   2 191
Guaraci,  4 109 203 ,   4 748
Guaraniaçu,  4 109 302 ,   13 735
Guarapuava,  4 109 401 ,   182 093
Guaraqueçaba,  4 109 500 ,   7 430
Guaratuba,  4 109 609 ,   42 062
Honório Serpa,  4 109 658 ,   4 941
Ibaiti,  4 109 708 ,   28 830
Ibema,  4 109 757 ,   6 218
Ibiporã,  4 109 807 ,   51 603
Icaraíma,  4 109 906 ,   8 991
Iguaraçu,  4 110 003 ,   5 338
Iguatu,  4 110 052 ,   2 144
Imbaú,  4 110 078 ,   14 249
Imbituva,  4 110 102 ,   29 924
Inácio Martins,  4 110 201 ,   9 670
Inajá,  4 110 300 ,   2 536
Indianópolis,  4 110 409 ,   4 448
Ipiranga,  4 110 508 ,   14 142
Iporã,  4 110 607 ,   15 746
Iracema do Oeste,  4 110 656 ,   2 343
Irati,  4 110 706 ,   59 250
Iretama,  4 110 805 ,   10 684
Itaguajé,  4 110 904 ,   4 481
Itaipulândia,  4 110 953 ,   11 485
Itambaracá,  4 111 001 ,   5 908
Itambé,  4 111 100 ,   6 111
Itapejara d'Oeste,  4 111 209 ,   12 344
Itaperuçu,  4 111 258 ,   31 217
Itaúna do Sul,  4 111 308 ,   3 572
Ivaí,  4 111 407 ,   13 229
Ivaiporã,  4 111 506 ,   32 720
Ivaté,  4 111 555 ,   6 831
Ivatuba,  4 111 605 ,   2 708
Jaboti,  4 111 704 ,   5 427
Jacarezinho,  4 111 803 ,   40 375
Jaguapitã,  4 111 902 ,   15 122
Jaguariaíva,  4 112 009 ,   35 141
Jandaia do Sul,  4 112 108 ,   21 408
Janiópolis,  4 112 207 ,   5 870
Japira,  4 112 306 ,   4 972
Japurá,  4 112 405 ,   9 144
Jardim Alegre,  4 112 504 ,   12 004
Jardim Olinda,  4 112 603 ,   1 343
Jataizinho,  4 112 702 ,   11 813
Jesuítas,  4 112 751 ,   10 506
Joaquim Távora,  4 112 801 ,   11 945
Jundiaí do Sul,  4 112 900 ,   3 333
Juranda,  4 112 959 ,   7 771
Jussara,  4 113 007 ,   6 690
Kaloré,  4 113 106 ,   4 582
Lapa,  4 113 205 ,   45 003
Laranjal,  4 113 254 ,   5 600
Laranjeiras do Sul,  4 113 304 ,   32 227
Leópolis,  4 113 403 ,   3 752
Lidianópolis,  4 113 429 ,   3 938
Lindoeste,  4 113 452 ,   5 175
Loanda,  4 113 502 ,   23 225
Lobato,  4 113 601 ,   4 601
Londrina,  4 113 700 ,   555 965
Luiziana,  4 113 734 ,   6 690
Lunardelli,  4 113 759 ,   4 872
Lupionópolis,  4 113 809 ,   4 813
Mallet,  4 113 908 ,   13 428
Mamborê,  4 114 005 ,   13 452
Mandaguaçu,  4 114 104 ,   31 457
Mandaguari,  4 114 203 ,   36 716
Mandirituba,  4 114 302 ,   27 439
Manfrinópolis,  4 114 351 ,   2 770
Mangueirinha,  4 114 401 ,   16 603
Manoel Ribas,  4 114 500 ,   14 240
Marechal Cândido Rondon,  4 114 609 ,   55 836
Maria Helena,  4 114 708 ,   5 865
Marialva,  4 114 807 ,   41 851
Marilândia do Sul,  4 114 906 ,   8 677
Marilena,  4 115 002 ,   7 253
Mariluz,  4 115 101 ,   9 847
Maringá,  4 115 200 ,   409 657
Mariópolis,  4 115 309 ,   6 371
Maripá,  4 115 358 ,   6 555
Marmeleiro,  4 115 408 ,   15 901
Marquinho,  4 115 457 ,   4 504
Marumbi,  4 115 507 ,   4 699
Matelândia,  4 115 606 ,   18 450
Matinhos,  4 115 705 ,   39 259
Mato Rico,  4 115 739 ,   3 267
Mauá da Serra,  4 115 754 ,   9 383
Medianeira,  4 115 804 ,   54 369
Mercedes,  4 115 853 ,   5 931
Mirador,  4 115 903 ,   2 238
Miraselva,  4 116 000 ,   1 966
Missal,  4 116 059 ,   11 064
Moreira Sales,  4 116 109 ,   11 175
Morretes,  4 116 208 ,   18 309
Munhoz de Melo,  4 116 307 ,   3 951
Nossa Senhora das Graças,  4 116 406 ,   3 669
Nova Aliança do Ivaí,  4 116 505 ,   1 323
Nova América da Colina,  4 116 604 ,   3 280
Nova Aurora,  4 116 703 ,   13 765
Nova Cantu,  4 116 802 ,   6 790
Nova Esperança,  4 116 901 ,   26 585
Nova Esperança do Sudoeste,  4 116 950 ,   5 597
Nova Fátima,  4 117 008 ,   7 225
Nova Laranjeiras,  4 117 057 ,   12 074
Nova Londrina,  4 117 107 ,   12 923
Nova Olímpia,  4 117 206 ,   5 833
Nova Santa Bárbara,  4 117 214 ,   4 184
Nova Santa Rosa,  4 117 222 ,   8 322
Nova Prata do Iguaçu,  4 117 255 ,   12 699
Nova Tebas,  4 117 271 ,   6 848
Novo Itacolomi,  4 117 297 ,   3 125
Ortigueira,  4 117 305 ,   24 192
Ourizona,  4 117 404 ,   3 187
Ouro Verde do Oeste,  4 117 453 ,   6 785
Paiçandu,  4 117 503 ,   45 962
Palmas,  4 117 602 ,   48 247
Palmeira,  4 117 701 ,   33 855
Palmital,  4 117 800 ,   13 033
Palotina,  4 117 909 ,   35 011
Paraíso do Norte,  4 118 006 ,   13 245
Paranacity,  4 118 105 ,   9 557
Paranaguá,  4 118 204 ,   145 829
Paranapoema,  4 118 303 ,   2 398
Paranavaí,  4 118 402 ,   92 001
Pato Bragado,  4 118 451 ,   5 733
Pato Branco,  4 118 501 ,   91 836
Paula Freitas,  4 118 600 ,   5 666
Paulo Frontin,  4 118 709 ,   6 343
Peabiru,  4 118 808 ,   13 346
Perobal,  4 118 857 ,   7 189
Pérola,  4 118 907 ,   11 878
Pérola d'Oeste,  4 119 004 ,   6 221
Piên,  4 119 103 ,   13 655
Pinhais,  4 119 152 ,   127 019
Pinhalão,  4 119 202 ,   6 566
Pinhal de São Bento,  4 119 251 ,   2 761
Pinhão,  4 119 301 ,   29 886
Piraí do Sul,  4 119 400 ,   23 651
Piraquara,  4 119 509 ,   118 730
Pitanga,  4 119 608 ,   33 567
Pitangueiras,  4 119 657 ,   3 046
Planaltina do Paraná,  4 119 707 ,   4 070
Planalto,  4 119 806 ,   14 374
Ponta Grossa,  4 119 905 ,   358 371
Pontal do Paraná,  4 119 954 ,   30 425
Porecatu,  4 120 002 ,   11 624
Porto Amazonas,  4 120 101 ,   4 098
Porto Barreiro,  4 120 150 ,   3 110
Porto Rico,  4 120 200 ,   3 182
Porto Vitória,  4 120 309 ,   3 562
Prado Ferreira,  4 120 333 ,   3 709
Pranchita,  4 120 358 ,   5 737
Presidente Castelo Branco,  4 120 408 ,   4 336
Primeiro de Maio,  4 120 507 ,   10 082
Prudentópolis,  4 120 606 ,   49 393
Quarto Centenário,  4 120 655 ,   4 201
Quatiguá,  4 120 705 ,   8 099
Quatro Barras,  4 120 804 ,   24 191
Quatro Pontes,  4 120 853 ,   4 480
Quedas do Iguaçu,  4 120 903 ,   30 738
Querência do Norte,  4 121 000 ,   10 685
Quinta do Sol,  4 121 109 ,   5 001
Quitandinha,  4 121 208 ,   18 398
Ramilândia,  4 121 257 ,   4 221
Rancho Alegre,  4 121 307 ,   3 512
Rancho Alegre D'Oeste,  4 121 356 ,   2 618
Realeza,  4 121 406 ,   19 247
Rebouças,  4 121 505 ,   14 514
Renascença,  4 121 604 ,   6 845
Reserva,  4 121 703 ,   24 573
Reserva do Iguaçu,  4 121 752 ,   6 553
Ribeirão Claro,  4 121 802 ,   12 364
Ribeirão do Pinhal,  4 121 901 ,   13 060
Rio Azul,  4 122 008 ,   14 025
Rio Bom,  4 122 107 ,   3 197
Rio Bonito do Iguaçu,  4 122 156 ,   13 929
Rio Branco do Ivaí,  4 122 172 ,   3 808
Rio Branco do Sul,  4 122 206 ,   37 558
Rio Negro,  4 122 305 ,   31 324
Rolândia,  4 122 404 ,   71 670
Roncador,  4 122 503 ,   11 251
Rondon,  4 122 602 ,   9 097
Rosário do Ivaí,  4 122 651 ,   5 435
Sabáudia,  4 122 701 ,   8 822
Salgado Filho,  4 122 800 ,   4 075
Salto do Itararé,  4 122 909 ,   5 192
Salto do Lontra,  4 123 006 ,   15 223
Santa Amélia,  4 123 105 ,   3 394
Santa Cecília do Pavão,  4 123 204 ,   3 365
Santa Cruz de Monte Castelo,  4 123 303 ,   8 613
Santa Fé,  4 123 402 ,   11 378
Santa Helena,  4 123 501 ,   25 492
Santa Inês,  4 123 600 ,   1 748
Santa Isabel do Ivaí,  4 123 709 ,   8 912
Santa Izabel do Oeste,  4 123 808 ,   14 070
Santa Lúcia,  4 123 824 ,   3 644
Santa Maria do Oeste,  4 123 857 ,   9 934
Santa Mariana,  4 123 907 ,   11 066
Santa Mônica,  4 123 956 ,   3 356
Santana do Itararé,  4 124 004 ,   5 514
Santa Tereza do Oeste,  4 124 020 ,   13 174
Santa Terezinha de Itaipu,  4 124 053 ,   24 262
Santo Antônio da Platina,  4 124 103 ,   44 369
Santo Antônio do Caiuá,  4 124 202 ,   2 493
Santo Antônio do Paraíso,  4 124 301 ,   2 125
Santo Antônio do Sudoeste,  4 124 400 ,   23 673
Santo Inácio,  4 124 509 ,   6 181
São Carlos do Ivaí,  4 124 608 ,   6 587
São Jerônimo da Serra,  4 124 707 ,   10 830
São João,  4 124 806 ,   11 886
São João do Caiuá,  4 124 905 ,   5 586
São João do Ivaí,  4 125 001 ,   10 667
São João do Triunfo,  4 125 100 ,   13 726
São Jorge d'Oeste,  4 125 209 ,   9 378
São Jorge do Ivaí,  4 125 308 ,   5 168
São Jorge do Patrocínio,  4 125 357 ,   6 504
São José da Boa Vista,  4 125 407 ,   6 040
São José das Palmeiras,  4 125 456 ,   3 957
São José dos Pinhais,  4 125 506 ,   329 628
São Manoel do Paraná,  4 125 555 ,   2 138
São Mateus do Sul,  4 125 605 ,   42 366
São Miguel do Iguaçu,  4 125 704 ,   29 122
São Pedro do Iguaçu,  4 125 753 ,   5 784
São Pedro do Ivaí,  4 125 803 ,   8 690
São Pedro do Paraná,  4 125 902 ,   2 661
São Sebastião da Amoreira,  4 126 009 ,   8 063
São Tomé,  4 126 108 ,   5 232
Sapopema,  4 126 207 ,   6 695
Sarandi,  4 126 256 ,   118 455
Saudade do Iguaçu,  4 126 272 ,   6 108
Sengés,  4 126 306 ,   17 270
Serranópolis do Iguaçu,  4 126 355 ,   5 007
Sertaneja,  4 126 405 ,   5 616
Sertanópolis,  4 126 504 ,   15 930
Siqueira Campos,  4 126 603 ,   22 811
Sulina,  4 126 652 ,   3 440
Tamarana,  4 126 678 ,   10 707
Tamboara,  4 126 702 ,   4 880
Tapejara,  4 126 801 ,   15 869
Tapira,  4 126 900 ,   5 745
Teixeira Soares,  4 127 007 ,   9 547
Telêmaco Borba,  4 127 106 ,   75 042
Terra Boa,  4 127 205 ,   17 568
Terra Rica,  4 127 304 ,   14 842
Terra Roxa,  4 127 403 ,   18 119
Tibagi,  4 127 502 ,   19 961
Tijucas do Sul,  4 127 601 ,   17 621
Toledo,  4 127 700 ,   150 470
Tomazina,  4 127 809 ,   8 426
Três Barras do Paraná,  4 127 858 ,   11 135
Tunas do Paraná,  4 127 882 ,   6 219
Tuneiras do Oeste,  4 127 908 ,   8 067
Tupãssi,  4 127 957 ,   8 077
Turvo,  4 127 965 ,   14 231
Ubiratã,  4 128 005 ,   24 749
Umuarama,  4 128 104 ,   117 095
União da Vitória,  4 128 203 ,   55 033
Uniflor,  4 128 302 ,   2 136
Uraí,  4 128 401 ,   10 406
Wenceslau Braz,  4 128 500 ,   19 188
Ventania,  4 128 534 ,   9 681
Vera Cruz do Oeste,  4 128 559 ,   8 215
Verê,  4 128 609 ,   7 932
Alto Paraíso,  4 128 625 ,   3 055
Doutor Ulysses,  4 128 633 ,   5 697
Virmond,  4 128 658 ,   3 811
Vitorino,  4 128 708 ,   9 706
Xambrê,  4 128 807 ,   5 798
Abdon Batista,  4 200 051 ,   2 598
Abelardo Luz,  4 200 101 ,   17 392
Agrolândia,  4 200 200 ,   10 990
Agronômica,  4 200 309 ,   6 055
Água Doce,  4 200 408 ,   6 508
Águas de Chapecó,  4 200 507 ,   6 036
Águas Frias,  4 200 556 ,   2 839
Águas Mornas,  4 200 606 ,   6 743
Alfredo Wagner,  4 200 705 ,   10 481
Alto Bela Vista,  4 200 754 ,   1 856
Anchieta,  4 200 804 ,   5 943
Angelina,  4 200 903 ,   5 358
Anita Garibaldi,  4 201 000 ,   8 285
Anitápolis,  4 201 109 ,   3 593
Antônio Carlos,  4 201 208 ,   11 224
Apiúna,  4 201 257 ,   9 811
Arabutã,  4 201 273 ,   4 378
Araquari,  4 201 307 ,   45 283
Araranguá,  4 201 406 ,   71 922
Armazém,  4 201 505 ,   8 834
Arroio Trinta,  4 201 604 ,   3 556
Arvoredo,  4 201 653 ,   2 510
Ascurra,  4 201 703 ,   8 319
Atalanta,  4 201 802 ,   3 227
Aurora,  4 201 901 ,   6 780
Balneário Arroio do Silva,  4 201 950 ,   15 820
Balneário Camboriú,  4 202 008 ,   139 155
Balneário Barra do Sul,  4 202 057 ,   14 912
Balneário Gaivota,  4 202 073 ,   15 669
Bandeirante,  4 202 081 ,   3 144
Barra Bonita,  4 202 099 ,   1 668
Barra Velha,  4 202 107 ,   45 369
Bela Vista do Toldo,  4 202 131 ,   5 872
Belmonte,  4 202 156 ,   2 658
Benedito Novo,  4 202 206 ,   10 520
Biguaçu,  4 202 305 ,   76 773
Blumenau,  4 202 404 ,   361 261
Bocaina do Sul,  4 202 438 ,   3 515
Bombinhas,  4 202 453 ,   25 058
Bom Jardim da Serra,  4 202 503 ,   4 026
Bom Jesus,  4 202 537 ,   2 777
Bom Jesus do Oeste,  4 202 578 ,   2 187
Bom Retiro,  4 202 602 ,   8 418
Botuverá,  4 202 701 ,   5 363
Braço do Norte,  4 202 800 ,   33 773
Braço do Trombudo,  4 202 859 ,   4 026
Brunópolis,  4 202 875 ,   2 489
Brusque,  4 202 909 ,   141 385
Caçador,  4 203 006 ,   73 720
Caibi,  4 203 105 ,   6 304
Calmon,  4 203 154 ,   3 443
Camboriú,  4 203 204 ,   103 074
Capão Alto,  4 203 253 ,   2 625
Campo Alegre,  4 203 303 ,   12 501
Campo Belo do Sul,  4 203 402 ,   7 257
Campo Erê,  4 203 501 ,   9 623
Campos Novos,  4 203 600 ,   36 932
Canelinha,  4 203 709 ,   12 821
Canoinhas,  4 203 808 ,   55 016
Capinzal,  4 203 907 ,   23 314
Capivari de Baixo,  4 203 956 ,   23 975
Catanduvas,  4 204 004 ,   10 566
Caxambu do Sul,  4 204 103 ,   4 614
Celso Ramos,  4 204 152 ,   2 805
Cerro Negro,  4 204 178 ,   3 317
Chapadão do Lageado,  4 204 194 ,   2 950
Chapecó,  4 204 202 ,   254 785
Cocal do Sul,  4 204 251 ,   17 240
Concórdia,  4 204 301 ,   81 646
Cordilheira Alta,  4 204 350 ,   4 781
Coronel Freitas,  4 204 400 ,   10 388
Coronel Martins,  4 204 459 ,   2 065
Corupá,  4 204 509 ,   15 267
Correia Pinto,  4 204 558 ,   15 727
Criciúma,  4 204 608 ,   214 493
Cunha Porã,  4 204 707 ,   10 953
Cunhataí,  4 204 756 ,   1 968
Curitibanos,  4 204 806 ,   40 045
Descanso,  4 204 905 ,   8 530
Dionísio Cerqueira,  4 205 001 ,   15 008
Dona Emma,  4 205 100 ,   4 221
Doutor Pedrinho,  4 205 159 ,   3 637
Entre Rios,  4 205 175 ,   3 402
Ermo,  4 205 191 ,   2 269
Erval Velho,  4 205 209 ,   4 885
Faxinal dos Guedes,  4 205 308 ,   11 192
Flor do Sertão,  4 205 357 ,   1 783
Florianópolis,  4 205 407 ,   537 211
Formosa do Sul,  4 205 431 ,   2 682
Forquilhinha,  4 205 456 ,   31 431
Fraiburgo,  4 205 506 ,   33 481
Frei Rogério,  4 205 555 ,   2 411
Galvão,  4 205 605 ,   3 210
Garopaba,  4 205 704 ,   29 959
Garuva,  4 205 803 ,   18 545
Gaspar,  4 205 902 ,   72 570
Governador Celso Ramos,  4 206 009 ,   16 915
Grão-Pará,  4 206 108 ,   6 277
Gravatal,  4 206 207 ,   12 435
Guabiruba,  4 206 306 ,   24 543
Guaraciaba,  4 206 405 ,   10 796
Guaramirim,  4 206 504 ,   46 711
Guarujá do Sul,  4 206 603 ,   4 829
Guatambú,  4 206 652 ,   8 425
Herval d'Oeste,  4 206 702 ,   21 724
Ibiam,  4 206 751 ,   2 008
Ibicaré,  4 206 801 ,   3 269
Ibirama,  4 206 900 ,   19 862
Içara,  4 207 007 ,   59 035
Ilhota,  4 207 106 ,   17 046
Imaruí,  4 207 205 ,   11 881
Imbituba,  4 207 304 ,   52 579
Imbuia,  4 207 403 ,   5 982
Indaial,  4 207 502 ,   71 549
Iomerê,  4 207 577 ,   2 877
Ipira,  4 207 601 ,   4 578
Iporã do Oeste,  4 207 650 ,   9 335
Ipuaçu,  4 207 684 ,   7 730
Ipumirim,  4 207 700 ,   7 816
Iraceminha,  4 207 759 ,   3 986
Irani,  4 207 809 ,   10 195
Irati,  4 207 858 ,   2 069
Irineópolis,  4 207 908 ,   10 285
Itá,  4 208 005 ,   7 067
Itaiópolis,  4 208 104 ,   22 051
Itajaí,  4 208 203 ,   264 054
Itapema,  4 208 302 ,   75 940
Itapiranga,  4 208 401 ,   16 638
Itapoá,  4 208 450 ,   30 750
Ituporanga,  4 208 500 ,   26 525
Jaborá,  4 208 609 ,   4 310
Jacinto Machado,  4 208 708 ,   10 624
Jaguaruna,  4 208 807 ,   20 375
Jaraguá do Sul,  4 208 906 ,   182 660
Jardinópolis,  4 208 955 ,   1 776
Joaçaba,  4 209 003 ,   30 146
Joinville,  4 209 102 ,   616 317
José Boiteux,  4 209 151 ,   5 985
Jupiá,  4 209 177 ,   2 555
Lacerdópolis,  4 209 201 ,   2 248
Lages,  4 209 300 ,   164 981
Laguna,  4 209 409 ,   42 785
Lajeado Grande,  4 209 458 ,   1 702
Laurentino,  4 209 508 ,   7 932
Lauro Müller,  4 209 607 ,   14 381
Lebon Régis,  4 209 706 ,   11 472
Leoberto Leal,  4 209 805 ,   3 330
Lindóia do Sul,  4 209 854 ,   4 549
Lontras,  4 209 904 ,   12 873
Luiz Alves,  4 210 001 ,   11 684
Luzerna,  4 210 035 ,   5 794
Macieira,  4 210 050 ,   1 778
Mafra,  4 210 100 ,   55 286
Major Gercino,  4 210 209 ,   3 214
Major Vieira,  4 210 308 ,   7 425
Maracajá,  4 210 407 ,   7 815
Maravilha,  4 210 506 ,   28 251
Marema,  4 210 555 ,   2 184
Massaranduba,  4 210 605 ,   17 162
Matos Costa,  4 210 704 ,   2 761
Meleiro,  4 210 803 ,   7 006
Mirim Doce,  4 210 852 ,   2 511
Modelo,  4 210 902 ,   4 080
Mondaí,  4 211 009 ,   10 066
Monte Carlo,  4 211 058 ,   9 117
Monte Castelo,  4 211 108 ,   7 736
Morro da Fumaça,  4 211 207 ,   18 537
Morro Grande,  4 211 256 ,   3 010
Navegantes,  4 211 306 ,   86 401
Nova Erechim,  4 211 405 ,   5 155
Nova Itaberaba,  4 211 454 ,   4 536
Nova Trento,  4 211 504 ,   13 727
Nova Veneza,  4 211 603 ,   13 664
Novo Horizonte,  4 211 652 ,   2 643
Orleans,  4 211 702 ,   23 661
Otacílio Costa,  4 211 751 ,   17 312
Ouro,  4 211 801 ,   7 032
Ouro Verde,  4 211 850 ,   2 181
Paial,  4 211 876 ,   1 927
Painel,  4 211 892 ,   2 215
Palhoça,  4 211 900 ,   222 598
Palma Sola,  4 212 007 ,   7 605
Palmeira,  4 212 056 ,   2 561
Palmitos,  4 212 106 ,   15 626
Papanduva,  4 212 205 ,   19 150
Paraíso,  4 212 239 ,   4 267
Passo de Torres,  4 212 254 ,   12 897
Passos Maia,  4 212 270 ,   4 034
Paulo Lopes,  4 212 304 ,   9 063
Pedras Grandes,  4 212 403 ,   4 245
Penha,  4 212 502 ,   33 663
Peritiba,  4 212 601 ,   2 992
Pescaria Brava,  4 212 650 ,   10 190
Petrolândia,  4 212 700 ,   6 716
Balneário Piçarras,  4 212 809 ,   27 127
Pinhalzinho,  4 212 908 ,   21 972
Pinheiro Preto,  4 213 005 ,   3 473
Piratuba,  4 213 104 ,   5 769
Planalto Alegre,  4 213 153 ,   2 946
Pomerode,  4 213 203 ,   34 289
Ponte Alta,  4 213 302 ,   4 437
Ponte Alta do Norte,  4 213 351 ,   3 210
Ponte Serrada,  4 213 401 ,   10 649
Porto Belo,  4 213 500 ,   27 688
Porto União,  4 213 609 ,   32 970
Pouso Redondo,  4 213 708 ,   17 123
Praia Grande,  4 213 807 ,   8 270
Presidente Castello Branco,  4 213 906 ,   1 689
Presidente Getúlio,  4 214 003 ,   20 010
Presidente Nereu,  4 214 102 ,   2 301
Princesa,  4 214 151 ,   2 964
Quilombo,  4 214 201 ,   11 022
Rancho Queimado,  4 214 300 ,   3 279
Rio das Antas,  4 214 409 ,   6 253
Rio do Campo,  4 214 508 ,   6 452
Rio do Oeste,  4 214 607 ,   7 747
Rio dos Cedros,  4 214 706 ,   10 865
Rio do Sul,  4 214 805 ,   72 587
Rio Fortuna,  4 214 904 ,   4 847
Rio Negrinho,  4 215 000 ,   39 261
Rio Rufino,  4 215 059 ,   2 397
Riqueza,  4 215 075 ,   4 768
Rodeio,  4 215 109 ,   12 757
Romelândia,  4 215 208 ,   4 823
Salete,  4 215 307 ,   7 489
Saltinho,  4 215 356 ,   3 632
Salto Veloso,  4 215 406 ,   4 390
Sangão,  4 215 455 ,   12 882
Santa Cecília,  4 215 505 ,   15 546
Santa Helena,  4 215 554 ,   2 425
Santa Rosa de Lima,  4 215 604 ,   2 088
Santa Rosa do Sul,  4 215 653 ,   9 792
Santa Terezinha,  4 215 679 ,   8 066
Santa Terezinha do Progresso,  4 215 687 ,   2 576
Santiago do Sul,  4 215 695 ,   1 651
Santo Amaro da Imperatriz,  4 215 703 ,   27 272
São Bernardino,  4 215 752 ,   2 684
São Bento do Sul,  4 215 802 ,   83 277
São Bonifácio,  4 215 901 ,   2 946
São Carlos,  4 216 008 ,   10 282
São Cristóvão do Sul,  4 216 057 ,   6 084
São Domingos,  4 216 107 ,   9 226
São Francisco do Sul,  4 216 206 ,   52 674
São João do Oeste,  4 216 255 ,   6 295
São João Batista,  4 216 305 ,   32 687
São João do Itaperiú,  4 216 354 ,   4 463
São João do Sul,  4 216 404 ,   8 668
São Joaquim,  4 216 503 ,   25 939
São José,  4 216 602 ,   270 299
São José do Cedro,  4 216 701 ,   14 167
São José do Cerrito,  4 216 800 ,   8 708
São Lourenço do Oeste,  4 216 909 ,   24 791
São Ludgero,  4 217 006 ,   13 509
São Martinho,  4 217 105 ,   3 405
São Miguel da Boa Vista,  4 217 154 ,   1 781
São Miguel do Oeste,  4 217 204 ,   44 330
São Pedro de Alcântara,  4 217 253 ,   5 776
Saudades,  4 217 303 ,   10 265
Schroeder,  4 217 402 ,   20 061
Seara,  4 217 501 ,   18 620
Serra Alta,  4 217 550 ,   3 303
Siderópolis,  4 217 600 ,   13 714
Sombrio,  4 217 709 ,   29 991
Sul Brasil,  4 217 758 ,   2 832
Taió,  4 217 808 ,   18 310
Tangará,  4 217 907 ,   8 143
Tigrinhos,  4 217 956 ,   2 329
Tijucas,  4 218 004 ,   51 592
Timbé do Sul,  4 218 103 ,   5 386
Timbó,  4 218 202 ,   46 099
Timbó Grande,  4 218 251 ,   7 342
Três Barras,  4 218 301 ,   19 746
Treviso,  4 218 350 ,   3 782
Treze de Maio,  4 218 400 ,   7 362
Treze Tílias,  4 218 509 ,   8 787
Trombudo Central,  4 218 608 ,   7 274
Tubarão,  4 218 707 ,   110 088
Tunápolis,  4 218 756 ,   4 916
Turvo,  4 218 806 ,   13 043
União do Oeste,  4 218 855 ,   2 774
Urubici,  4 218 905 ,   10 834
Urupema,  4 218 954 ,   2 656
Urussanga,  4 219 002 ,   20 919
Vargeão,  4 219 101 ,   3 634
Vargem,  4 219 150 ,   2 627
Vargem Bonita,  4 219 176 ,   4 576
Vidal Ramos,  4 219 200 ,   6 189
Videira,  4 219 309 ,   55 466
Vitor Meireles,  4 219 358 ,   5 370
Witmarsum,  4 219 408 ,   4 255
Xanxerê,  4 219 507 ,   51 607
Xavantina,  4 219 606 ,   3 653
Xaxim,  4 219 705 ,   31 918
Zortéa,  4 219 853 ,   3 930
Balneário Rincão,  4 220 000 ,   15 981
Aceguá,  4 300 034 ,   4 170
Água Santa,  4 300 059 ,   3 912
Agudo,  4 300 109 ,   16 041
Ajuricaba,  4 300 208 ,   6 720
Alecrim,  4 300 307 ,   6 123
Alegrete,  4 300 406 ,   72 409
Alegria,  4 300 455 ,   3 651
Almirante Tamandaré do Sul,  4 300 471 ,   1 969
Alpestre,  4 300 505 ,   7 117
Alto Alegre,  4 300 554 ,   1 800
Alto Feliz,  4 300 570 ,   3 072
Alvorada,  4 300 604 ,   187 315
Amaral Ferrador,  4 300 638 ,   5 310
Ametista do Sul,  4 300 646 ,   7 650
André da Rocha,  4 300 661 ,   1 135
Anta Gorda,  4 300 703 ,   5 957
Antônio Prado,  4 300 802 ,   13 045
Arambaré,  4 300 851 ,   4 112
Araricá,  4 300 877 ,   8 525
Aratiba,  4 300 901 ,   6 483
Arroio do Meio,  4 301 008 ,   21 958
Arroio do Sal,  4 301 057 ,   11 057
Arroio do Padre,  4 301 073 ,   2 599
Arroio dos Ratos,  4 301 107 ,   14 601
Arroio do Tigre,  4 301 206 ,   12 058
Arroio Grande,  4 301 305 ,   17 558
Arvorezinha,  4 301 404 ,   10 322
Augusto Pestana,  4 301 503 ,   7 149
Áurea,  4 301 552 ,   3 396
Bagé,  4 301 602 ,   117 938
Balneário Pinhal,  4 301 636 ,   14 955
Barão,  4 301 651 ,   6 461
Barão de Cotegipe,  4 301 701 ,   7 144
Barão do Triunfo,  4 301 750 ,   5 889
Barracão,  4 301 800 ,   4 831
Barra do Guarita,  4 301 859 ,   3 161
Barra do Quaraí,  4 301 875 ,   4 241
Barra do Ribeiro,  4 301 909 ,   12 225
Barra do Rio Azul,  4 301 925 ,   1 696
Barra Funda,  4 301 958 ,   2 498
Barros Cassal,  4 302 006 ,   9 296
Benjamin Constant do Sul,  4 302 055 ,   2 082
Bento Gonçalves,  4 302 105 ,   123 151
Boa Vista das Missões,  4 302 154 ,   1 933
Boa Vista do Buricá,  4 302 204 ,   6 966
Boa Vista do Cadeado,  4 302 220 ,   2 229
Boa Vista do Incra,  4 302 238 ,   2 271
Boa Vista do Sul,  4 302 253 ,   2 779
Bom Jesus,  4 302 303 ,   11 202
Bom Princípio,  4 302 352 ,   13 142
Bom Progresso,  4 302 378 ,   2 096
Bom Retiro do Sul,  4 302 402 ,   12 294
Boqueirão do Leão,  4 302 451 ,   6 247
Bossoroca,  4 302 501 ,   5 890
Bozano,  4 302 584 ,   2 151
Braga,  4 302 600 ,   3 268
Brochier,  4 302 659 ,   4 966
Butiá,  4 302 709 ,   19 084
Caçapava do Sul,  4 302 808 ,   32 515
Cacequi,  4 302 907 ,   11 157
Cachoeira do Sul,  4 303 004 ,   80 070
Cachoeirinha,  4 303 103 ,   136 258
Cacique Doble,  4 303 202 ,   4 603
Caibaté,  4 303 301 ,   4 704
Caiçara,  4 303 400 ,   4 836
Camaquã,  4 303 509 ,   62 200
Camargo,  4 303 558 ,   2 981
Cambará do Sul,  4 303 608 ,   6 361
Campestre da Serra,  4 303 673 ,   3 242
Campina das Missões,  4 303 707 ,   5 882
Campinas do Sul,  4 303 806 ,   5 284
Campo Bom,  4 303 905 ,   62 886
Campo Novo,  4 304 002 ,   4 975
Campos Borges,  4 304 101 ,   3 613
Candelária,  4 304 200 ,   28 906
Cândido Godói,  4 304 309 ,   6 294
Candiota,  4 304 358 ,   10 710
Canela,  4 304 408 ,   48 946
Canguçu,  4 304 507 ,   49 680
Canoas,  4 304 606 ,   347 657
Canudos do Vale,  4 304 614 ,   1 656
Capão Bonito do Sul,  4 304 622 ,   1 733
Capão da Canoa,  4 304 630 ,   63 594
Capão do Cipó,  4 304 655 ,   3 119
Capão do Leão,  4 304 663 ,   26 487
Capivari do Sul,  4 304 671 ,   3 991
Capela de Santana,  4 304 689 ,   11 159
Capitão,  4 304 697 ,   2 921
Carazinho,  4 304 705 ,   61 804
Caraá,  4 304 713 ,   7 394
Carlos Barbosa,  4 304 804 ,   30 420
Carlos Gomes,  4 304 853 ,   1 368
Casca,  4 304 903 ,   9 465
Caseiros,  4 304 952 ,   3 000
Catuípe,  4 305 009 ,   8 674
Caxias do Sul,  4 305 108 ,   463 501
Centenário,  4 305 116 ,   2 721
Cerrito,  4 305 124 ,   5 808
Cerro Branco,  4 305 132 ,   3 802
Cerro Grande,  4 305 157 ,   2 379
Cerro Grande do Sul,  4 305 173 ,   9 178
Cerro Largo,  4 305 207 ,   13 705
Chapada,  4 305 306 ,   9 540
Charqueadas,  4 305 355 ,   35 012
Charrua,  4 305 371 ,   2 768
Chiapetta,  4 305 405 ,   3 913
Chuí,  4 305 439 ,   6 262
Chuvisca,  4 305 447 ,   4 597
Cidreira,  4 305 454 ,   17 071
Ciríaco,  4 305 504 ,   4 149
Colinas,  4 305 587 ,   2 423
Colorado,  4 305 603 ,   3 258
Condor,  4 305 702 ,   6 406
Constantina,  4 305 801 ,   10 385
Coqueiro Baixo,  4 305 835 ,   1 290
Coqueiros do Sul,  4 305 850 ,   2 211
Coronel Barros,  4 305 871 ,   2 822
Coronel Bicaco,  4 305 900 ,   6 144
Coronel Pilar,  4 305 934 ,   1 607
Cotiporã,  4 305 959 ,   3 846
Coxilha,  4 305 975 ,   2 667
Crissiumal,  4 306 007 ,   12 886
Cristal,  4 306 056 ,   7 299
Cristal do Sul,  4 306 072 ,   2 692
Cruz Alta,  4 306 106 ,   58 913
Cruzaltense,  4 306 130 ,   1 635
Cruzeiro do Sul,  4 306 205 ,   11 600
David Canabarro,  4 306 304 ,   4 321
Derrubadas,  4 306 320 ,   2 751
Dezesseis de Novembro,  4 306 353 ,   2 507
Dilermando de Aguiar,  4 306 379 ,   2 806
Dois Irmãos,  4 306 403 ,   30 709
Dois Irmãos das Missões,  4 306 429 ,   2 090
Dois Lajeados,  4 306 452 ,   3 097
Dom Feliciano,  4 306 502 ,   13 051
Dom Pedro de Alcântara,  4 306 551 ,   2 562
Dom Pedrito,  4 306 601 ,   36 981
Dona Francisca,  4 306 700 ,   3 079
Doutor Maurício Cardoso,  4 306 734 ,   4 470
Doutor Ricardo,  4 306 759 ,   1 888
Eldorado do Sul,  4 306 767 ,   39 559
Encantado,  4 306 809 ,   22 962
Encruzilhada do Sul,  4 306 908 ,   23 819
Engenho Velho,  4 306 924 ,   1 296
Entre-Ijuís,  4 306 932 ,   9 158
Entre Rios do Sul,  4 306 957 ,   2 685
Erebango,  4 306 973 ,   3 054
Erechim,  4 307 005 ,   105 705
Ernestina,  4 307 054 ,   3 034
Herval,  4 307 104 ,   6 191
Erval Grande,  4 307 203 ,   4 930
Erval Seco,  4 307 302 ,   6 787
Esmeralda,  4 307 401 ,   3 195
Esperança do Sul,  4 307 450 ,   3 226
Espumoso,  4 307 500 ,   15 173
Estação,  4 307 559 ,   5 582
Estância Velha,  4 307 609 ,   47 924
Esteio,  4 307 708 ,   76 137
Estrela,  4 307 807 ,   32 183
Estrela Velha,  4 307 815 ,   3 070
Eugênio de Castro,  4 307 831 ,   2 633
Fagundes Varela,  4 307 864 ,   2 566
Farroupilha,  4 307 906 ,   70 286
Faxinal do Soturno,  4 308 003 ,   6 702
Faxinalzinho,  4 308 052 ,   2 520
Fazenda Vilanova,  4 308 078 ,   4 291
Feliz,  4 308 102 ,   13 764
Flores da Cunha,  4 308 201 ,   30 892
Floriano Peixoto,  4 308 250 ,   1 668
Fontoura Xavier,  4 308 300 ,   9 550
Formigueiro,  4 308 409 ,   6 413
Forquetinha,  4 308 433 ,   2 393
Fortaleza dos Valos,  4 308 458 ,   4 477
Frederico Westphalen,  4 308 508 ,   32 627
Garibaldi,  4 308 607 ,   34 335
Garruchos,  4 308 656 ,   2 688
Gaurama,  4 308 706 ,   5 665
General Câmara,  4 308 805 ,   7 612
Gentil,  4 308 854 ,   1 744
Getúlio Vargas,  4 308 904 ,   16 602
Giruá,  4 309 001 ,   16 013
Glorinha,  4 309 050 ,   7 658
Gramado,  4 309 100 ,   40 134
Gramado dos Loureiros,  4 309 126 ,   2 014
Gramado Xavier,  4 309 159 ,   3 304
Gravataí,  4 309 209 ,   265 074
Guabiju,  4 309 258 ,   1 417
Guaíba,  4 309 308 ,   92 924
Guaporé,  4 309 407 ,   25 268
Guarani das Missões,  4 309 506 ,   7 415
Harmonia,  4 309 555 ,   5 378
Herveiras,  4 309 571 ,   2 565
Horizontina,  4 309 605 ,   18 851
Hulha Negra,  4 309 654 ,   5 976
Humaitá,  4 309 704 ,   4 681
Ibarama,  4 309 753 ,   3 732
Ibiaçá,  4 309 803 ,   4 527
Ibiraiaras,  4 309 902 ,   6 776
Ibirapuitã,  4 309 951 ,   3 723
Ibirubá,  4 310 009 ,   21 583
Igrejinha,  4 310 108 ,   32 808
Ijuí,  4 310 207 ,   84 780
Ilópolis,  4 310 306 ,   4 157
Imbé,  4 310 330 ,   26 824
Imigrante,  4 310 363 ,   3 080
Independência,  4 310 405 ,   6 427
Inhacorá,  4 310 413 ,   2 014
Ipê,  4 310 439 ,   5 399
Ipiranga do Sul,  4 310 462 ,   1 720
Iraí,  4 310 504 ,   7 482
Itaara,  4 310 538 ,   5 572
Itacurubi,  4 310 553 ,   2 995
Itapuca,  4 310 579 ,   1 937
Itaqui,  4 310 603 ,   35 768
Itati,  4 310 652 ,   2 638
Itatiba do Sul,  4 310 702 ,   3 208
Ivorá,  4 310 751 ,   1 929
Ivoti,  4 310 801 ,   22 983
Jaboticaba,  4 310 850 ,   3 779
Jacuizinho,  4 310 876 ,   2 040
Jacutinga,  4 310 900 ,   3 338
Jaguarão,  4 311 007 ,   26 603
Jaguari,  4 311 106 ,   10 579
Jaquirana,  4 311 122 ,   3 690
Jari,  4 311 130 ,   3 349
Jóia,  4 311 155 ,   7 184
Júlio de Castilhos,  4 311 205 ,   18 226
Lagoa Bonita do Sul,  4 311 239 ,   2 251
Lagoão,  4 311 254 ,   5 341
Lagoa dos Três Cantos,  4 311 270 ,   1 738
Lagoa Vermelha,  4 311 304 ,   27 659
Lajeado,  4 311 403 ,   93 646
Lajeado do Bugre,  4 311 429 ,   2 601
Lavras do Sul,  4 311 502 ,   7 157
Liberato Salzano,  4 311 601 ,   4 781
Lindolfo Collor,  4 311 627 ,   6 248
Linha Nova,  4 311 643 ,   1 683
Machadinho,  4 311 700 ,   5 735
Maçambará,  4 311 718 ,   4 425
Mampituba,  4 311 734 ,   3 131
Manoel Viana,  4 311 759 ,   6 801
Maquiné,  4 311 775 ,   7 418
Maratá,  4 311 791 ,   2 470
Marau,  4 311 809 ,   45 124
Marcelino Ramos,  4 311 908 ,   4 320
Mariana Pimentel,  4 311 981 ,   3 916
Mariano Moro,  4 312 005 ,   1 858
Marques de Souza,  4 312 054 ,   3 969
Mata,  4 312 104 ,   4 698
Mato Castelhano,  4 312 138 ,   2 553
Mato Leitão,  4 312 153 ,   4 859
Mato Queimado,  4 312 179 ,   1 795
Maximiliano de Almeida,  4 312 203 ,   4 191
Minas do Leão,  4 312 252 ,   7 505
Miraguaí,  4 312 302 ,   4 427
Montauri,  4 312 351 ,   1 499
Monte Alegre dos Campos,  4 312 377 ,   3 180
Monte Belo do Sul,  4 312 385 ,   2 557
Montenegro,  4 312 401 ,   64 322
Mormaço,  4 312 427 ,   2 756
Morrinhos do Sul,  4 312 443 ,   3 071
Morro Redondo,  4 312 450 ,   6 046
Morro Reuter,  4 312 476 ,   6 029
Mostardas,  4 312 500 ,   12 090
Muçum,  4 312 609 ,   4 601
Muitos Capões,  4 312 617 ,   2 879
Muliterno,  4 312 625 ,   1 721
Não-Me-Toque,  4 312 658 ,   17 898
Nicolau Vergueiro,  4 312 674 ,   1 932
Nonoai,  4 312 708 ,   13 719
Nova Alvorada,  4 312 757 ,   3 163
Nova Araçá,  4 312 807 ,   4 954
Nova Bassano,  4 312 906 ,   9 649
Nova Boa Vista,  4 312 955 ,   2 042
Nova Bréscia,  4 313 003 ,   3 044
Nova Candelária,  4 313 011 ,   3 061
Nova Esperança do Sul,  4 313 037 ,   4 865
Nova Hartz,  4 313 060 ,   20 088
Nova Pádua,  4 313 086 ,   2 343
Nova Palma,  4 313 102 ,   5 586
Nova Petrópolis,  4 313 201 ,   23 300
Nova Prata,  4 313 300 ,   25 692
Nova Ramada,  4 313 334 ,   2 163
Nova Roma do Sul,  4 313 359 ,   3 466
Nova Santa Rita,  4 313 375 ,   29 024
Novo Cabrais,  4 313 391 ,   3 568
Novo Hamburgo,  4 313 409 ,   227 646
Novo Machado,  4 313 425 ,   3 198
Novo Tiradentes,  4 313 441 ,   2 146
Novo Xingu,  4 313 466 ,   1 646
Novo Barreiro,  4 313 490 ,   4 272
Osório,  4 313 508 ,   47 396
Paim Filho,  4 313 607 ,   3 629
Palmares do Sul,  4 313 656 ,   12 844
Palmeira das Missões,  4 313 706 ,   33 216
Palmitinho,  4 313 805 ,   7 839
Panambi,  4 313 904 ,   43 515
Pantano Grande,  4 313 953 ,   10 212
Paraí,  4 314 001 ,   7 194
Paraíso do Sul,  4 314 027 ,   6 519
Pareci Novo,  4 314 035 ,   4 319
Parobé,  4 314 050 ,   52 058
Passa Sete,  4 314 068 ,   3 983
Passo do Sobrado,  4 314 076 ,   6 025
Passo Fundo,  4 314 100 ,   206 215
Paulo Bento,  4 314 134 ,   2 144
Paverama,  4 314 159 ,   7 978
Pedras Altas,  4 314 175 ,   2 061
Pedro Osório,  4 314 209 ,   7 484
Pejuçara,  4 314 308 ,   3 745
Pelotas,  4 314 407 ,   325 685
Picada Café,  4 314 423 ,   5 351
Pinhal,  4 314 456 ,   2 959
Pinhal da Serra,  4 314 464 ,   2 248
Pinhal Grande,  4 314 472 ,   3 805
Pinheirinho do Vale,  4 314 498 ,   4 540
Pinheiro Machado,  4 314 506 ,   11 214
Pinto Bandeira,  4 314 548 ,   2 723
Pirapó,  4 314 555 ,   2 260
Piratini,  4 314 605 ,   17 504
Planalto,  4 314 704 ,   10 406
Poço das Antas,  4 314 753 ,   2 171
Pontão,  4 314 779 ,   3 296
Ponte Preta,  4 314 787 ,   1 575
Portão,  4 314 803 ,   34 071
Porto Alegre,  4 314 902 ,  1 332 845
Porto Lucena,  4 315 008 ,   4 360
Porto Mauá,  4 315 057 ,   2 142
Porto Vera Cruz,  4 315 073 ,   1 560
Porto Xavier,  4 315 107 ,   9 938
Pouso Novo,  4 315 131 ,   1 739
Presidente Lucena,  4 315 149 ,   3 077
Progresso,  4 315 156 ,   5 340
Protásio Alves,  4 315 172 ,   2 025
Putinga,  4 315 206 ,   3 747
Quaraí,  4 315 305 ,   23 500
Quatro Irmãos,  4 315 313 ,   1 552
Quevedos,  4 315 321 ,   2 507
Quinze de Novembro,  4 315 354 ,   3 910
Redentora,  4 315 404 ,   9 738
Relvado,  4 315 453 ,   1 796
Restinga Sêca,  4 315 503 ,   14 939
Rio dos Índios,  4 315 552 ,   2 835
Rio Grande,  4 315 602 ,   191 900
Rio Pardo,  4 315 701 ,   34 654
Riozinho,  4 315 750 ,   4 473
Roca Sales,  4 315 800 ,   10 418
Rodeio Bonito,  4 315 909 ,   6 654
Rolador,  4 315 958 ,   2 291
Rolante,  4 316 006 ,   21 253
Ronda Alta,  4 316 105 ,   9 777
Rondinha,  4 316 204 ,   4 991
Roque Gonzales,  4 316 303 ,   6 576
Rosário do Sul,  4 316 402 ,   36 630
Sagrada Família,  4 316 428 ,   2 480
Saldanha Marinho,  4 316 436 ,   2 575
Salto do Jacuí,  4 316 451 ,   10 203
Salvador das Missões,  4 316 477 ,   2 877
Salvador do Sul,  4 316 501 ,   6 879
Sananduva,  4 316 600 ,   16 399
Santa Bárbara do Sul,  4 316 709 ,   8 122
Santa Cecília do Sul,  4 316 733 ,   1 674
Santa Clara do Sul,  4 316 758 ,   6 887
Santa Cruz do Sul,  4 316 808 ,   133 230
Santa Maria,  4 316 907 ,   271 735
Santa Maria do Herval,  4 316 956 ,   6 340
Santa Margarida do Sul,  4 316 972 ,   2 596
Santana da Boa Vista,  4 317 004 ,   7 024
Sant'Ana do Livramento,  4 317 103 ,   84 421
Santa Rosa,  4 317 202 ,   76 963
Santa Tereza,  4 317 251 ,   1 505
Santa Vitória do Palmar,  4 317 301 ,   30 983
Santiago,  4 317 400 ,   48 938
Santo Ângelo,  4 317 509 ,   76 917
Santo Antônio do Palma,  4 317 558 ,   2 091
Santo Antônio da Patrulha,  4 317 608 ,   42 947
Santo Antônio das Missões,  4 317 707 ,   10 300
Santo Antônio do Planalto,  4 317 756 ,   2 089
Santo Augusto,  4 317 806 ,   13 902
Santo Cristo,  4 317 905 ,   15 320
Santo Expedito do Sul,  4 317 954 ,   2 349
São Borja,  4 318 002 ,   59 676
São Domingos do Sul,  4 318 051 ,   2 754
São Francisco de Assis,  4 318 101 ,   17 618
São Francisco de Paula,  4 318 200 ,   21 893
São Gabriel,  4 318 309 ,   58 487
São Jerônimo,  4 318 408 ,   21 028
São João da Urtiga,  4 318 424 ,   4 461
São João do Polêsine,  4 318 432 ,   2 649
São Jorge,  4 318 440 ,   2 912
São José das Missões,  4 318 457 ,   2 362
São José do Herval,  4 318 465 ,   1 902
São José do Hortêncio,  4 318 481 ,   4 447
São José do Inhacorá,  4 318 499 ,   2 406
São José do Norte,  4 318 507 ,   25 443
São José do Ouro,  4 318 606 ,   6 834
São José do Sul,  4 318 614 ,   2 380
São José dos Ausentes,  4 318 622 ,   4 172
São Leopoldo,  4 318 705 ,   217 409
São Lourenço do Sul,  4 318 804 ,   41 989
São Luiz Gonzaga,  4 318 903 ,   34 752
São Marcos,  4 319 000 ,   21 084
São Martinho,  4 319 109 ,   5 481
São Martinho da Serra,  4 319 125 ,   2 860
São Miguel das Missões,  4 319 158 ,   7 056
São Nicolau,  4 319 208 ,   5 118
São Paulo das Missões,  4 319 307 ,   5 846
São Pedro da Serra,  4 319 356 ,   3 548
São Pedro das Missões,  4 319 364 ,   1 757
São Pedro do Butiá,  4 319 372 ,   3 070
São Pedro do Sul,  4 319 406 ,   15 577
São Sebastião do Caí,  4 319 505 ,   24 428
São Sepé,  4 319 604 ,   21 219
São Valentim,  4 319 703 ,   3 264
São Valentim do Sul,  4 319 711 ,   2 207
São Valério do Sul,  4 319 737 ,   2 543
São Vendelino,  4 319 752 ,   2 251
São Vicente do Sul,  4 319 802 ,   8 097
Sapiranga,  4 319 901 ,   75 648
Sapucaia do Sul,  4 320 008 ,   132 107
Sarandi,  4 320 107 ,   22 851
Seberi,  4 320 206 ,   11 950
Sede Nova,  4 320 230 ,   2 704
Segredo,  4 320 263 ,   6 009
Selbach,  4 320 305 ,   5 107
Senador Salgado Filho,  4 320 321 ,   2 673
Sentinela do Sul,  4 320 354 ,   5 306
Serafina Corrêa,  4 320 404 ,   16 961
Sério,  4 320 453 ,   1 941
Sertão,  4 320 503 ,   5 541
Sertão Santana,  4 320 552 ,   5 863
Sete de Setembro,  4 320 578 ,   1 830
Severiano de Almeida,  4 320 602 ,   3 406
Silveira Martins,  4 320 651 ,   2 028
Sinimbu,  4 320 677 ,   8 578
Sobradinho,  4 320 701 ,   14 226
Soledade,  4 320 800 ,   29 991
Tabaí,  4 320 859 ,   4 461
Tapejara,  4 320 909 ,   24 557
Tapera,  4 321 006 ,   10 592
Tapes,  4 321 105 ,   14 695
Taquara,  4 321 204 ,   53 242
Taquari,  4 321 303 ,   25 198
Taquaruçu do Sul,  4 321 329 ,   3 119
Tavares,  4 321 352 ,   5 212
Tenente Portela,  4 321 402 ,   14 497
Terra de Areia,  4 321 436 ,   10 334
Teutônia,  4 321 451 ,   32 797
Tio Hugo,  4 321 469 ,   3 267
Tiradentes do Sul,  4 321 477 ,   5 129
Toropi,  4 321 493 ,   2 554
Torres,  4 321 501 ,   41 751
Tramandaí,  4 321 600 ,   54 387
Travesseiro,  4 321 626 ,   2 152
Três Arroios,  4 321 634 ,   2 591
Três Cachoeiras,  4 321 667 ,   10 962
Três Coroas,  4 321 709 ,   24 425
Três de Maio,  4 321 808 ,   24 916
Três Forquilhas,  4 321 832 ,   2 760
Três Palmeiras,  4 321 857 ,   4 716
Três Passos,  4 321 907 ,   25 436
Trindade do Sul,  4 321 956 ,   7 556
Triunfo,  4 322 004 ,   27 498
Tucunduva,  4 322 103 ,   5 542
Tunas,  4 322 152 ,   3 681
Tupanci do Sul,  4 322 186 ,   1 374
Tupanciretã,  4 322 202 ,   20 005
Tupandi,  4 322 251 ,   5 029
Tuparendi,  4 322 301 ,   8 363
Turuçu,  4 322 327 ,   3 419
Ubiretama,  4 322 343 ,   1 994
União da Serra,  4 322 350 ,   1 170
Unistalda,  4 322 376 ,   1 995
Uruguaiana,  4 322 400 ,   117 210
Vacaria,  4 322 509 ,   64 197
Vale Verde,  4 322 525 ,   3 150
Vale do Sol,  4 322 533 ,   9 897
Vale Real,  4 322 541 ,   6 058
Vanini,  4 322 558 ,   2 004
Venâncio Aires,  4 322 608 ,   68 763
Vera Cruz,  4 322 707 ,   26 710
Veranópolis,  4 322 806 ,   24 021
Vespasiano Corrêa,  4 322 855 ,   1 818
Viadutos,  4 322 905 ,   4 769
Viamão,  4 323 002 ,   224 112
Vicente Dutra,  4 323 101 ,   4 665
Victor Graeff,  4 323 200 ,   2 780
Vila Flores,  4 323 309 ,   3 646
Vila Lângaro,  4 323 358 ,   2 079
Vila Maria,  4 323 408 ,   4 413
Vila Nova do Sul,  4 323 457 ,   3 863
Vista Alegre,  4 323 507 ,   2 660
Vista Alegre do Prata,  4 323 606 ,   1 590
Vista Gaúcha,  4 323 705 ,   2 783
Vitória das Missões,  4 323 754 ,   3 260
Westfália,  4 323 770 ,   3 098
Xangri-lá,  4 323 804 ,   16 463
Água Clara,  5 000 203 ,   16 741
Alcinópolis,  5 000 252 ,   4 537
Amambai,  5 000 609 ,   39 325
Anastácio,  5 000 708 ,   24 114
Anaurilândia,  5 000 807 ,   7 653
Angélica,  5 000 856 ,   10 729
Antônio João,  5 000 906 ,   9 303
Aparecida do Taboado,  5 001 003 ,   27 674
Aquidauana,  5 001 102 ,   46 803
Aral Moreira,  5 001 243 ,   10 748
Bandeirantes,  5 001 508 ,   7 940
Bataguassu,  5 001 904 ,   23 031
Batayporã,  5 002 001 ,   10 712
Bela Vista,  5 002 100 ,   21 613
Bodoquena,  5 002 159 ,   8 567
Bonito,  5 002 209 ,   23 659
Brasilândia,  5 002 308 ,   11 579
Caarapó,  5 002 407 ,   30 612
Camapuã,  5 002 605 ,   13 583
Campo Grande,  5 002 704 ,   898 100
Caracol,  5 002 803 ,   5 036
Cassilândia,  5 002 902 ,   20 988
Chapadão do Sul,  5 002 951 ,   30 993
Corguinho,  5 003 108 ,   4 783
Coronel Sapucaia,  5 003 157 ,   14 289
Corumbá,  5 003 207 ,   96 268
Costa Rica,  5 003 256 ,   26 037
Coxim,  5 003 306 ,   32 151
Deodápolis,  5 003 454 ,   13 663
Dois Irmãos do Buriti,  5 003 488 ,   11 100
Douradina,  5 003 504 ,   5 578
Dourados,  5 003 702 ,   243 367
Eldorado,  5 003 751 ,   11 386
Fátima do Sul,  5 003 801 ,   20 609
Figueirão,  5 003 900 ,   3 539
Glória de Dourados,  5 004 007 ,   10 444
Guia Lopes da Laguna,  5 004 106 ,   9 940
Iguatemi,  5 004 304 ,   13 808
Inocência,  5 004 403 ,   8 404
Itaporã,  5 004 502 ,   24 137
Itaquiraí,  5 004 601 ,   19 423
Ivinhema,  5 004 700 ,   27 821
Japorã,  5 004 809 ,   8 148
Jaraguari,  5 004 908 ,   7 139
Jardim,  5 005 004 ,   23 981
Jateí,  5 005 103 ,   3 586
Juti,  5 005 152 ,   6 729
Ladário,  5 005 202 ,   21 522
Laguna Carapã,  5 005 251 ,   6 799
Maracaju,  5 005 400 ,   45 047
Miranda,  5 005 608 ,   25 536
Mundo Novo,  5 005 681 ,   19 193
Naviraí,  5 005 707 ,   50 457
Nioaque,  5 005 806 ,   13 220
Nova Alvorada do Sul,  5 006 002 ,   21 822
Nova Andradina,  5 006 200 ,   48 563
Novo Horizonte do Sul,  5 006 259 ,   4 721
Paraíso das Águas,  5 006 275 ,   5 510
Paranaíba,  5 006 309 ,   40 957
Paranhos,  5 006 358 ,   12 921
Pedro Gomes,  5 006 408 ,   6 941
Ponta Porã,  5 006 606 ,   92 017
Porto Murtinho,  5 006 903 ,   12 859
Ribas do Rio Pardo,  5 007 109 ,   23 150
Rio Brilhante,  5 007 208 ,   37 601
Rio Negro,  5 007 307 ,   4 841
Rio Verde de Mato Grosso,  5 007 406 ,   19 818
Rochedo,  5 007 505 ,   5 199
Santa Rita do Pardo,  5 007 554 ,   7 027
São Gabriel do Oeste,  5 007 695 ,   29 579
Sete Quedas,  5 007 703 ,   10 994
Selvíria,  5 007 802 ,   8 142
Sidrolândia,  5 007 901 ,   47 118
Sonora,  5 007 935 ,   14 516
Tacuru,  5 007 950 ,   10 808
Taquarussu,  5 007 976 ,   3 625
Terenos,  5 008 008 ,   17 652
Três Lagoas,  5 008 305 ,   132 152
Vicentina,  5 008 404 ,   6 336
Acorizal,  5 100 102 ,   5 014
Água Boa,  5 100 201 ,   29 219
Alta Floresta,  5 100 250 ,   58 613
Alto Araguaia,  5 100 300 ,   17 193
Alto Boa Vista,  5 100 359 ,   5 715
Alto Garças,  5 100 409 ,   13 052
Alto Paraguai,  5 100 508 ,   8 009
Alto Taquari,  5 100 607 ,   10 904
Apiacás,  5 100 805 ,   8 590
Araguaiana,  5 101 001 ,   3 795
Araguainha,  5 101 209 ,   1 010
Araputanga,  5 101 258 ,   14 786
Arenápolis,  5 101 308 ,   10 576
Aripuanã,  5 101 407 ,   24 626
Barão de Melgaço,  5 101 605 ,   7 253
Barra do Bugres,  5 101 704 ,   29 403
Barra do Garças,  5 101 803 ,   69 210
Bom Jesus do Araguaia,  5 101 852 ,   7 280
Brasnorte,  5 101 902 ,   17 004
Cáceres,  5 102 504 ,   89 681
Campinápolis,  5 102 603 ,   15 347
Campo Novo do Parecis,  5 102 637 ,   45 899
Campo Verde,  5 102 678 ,   44 585
Campos de Júlio,  5 102 686 ,   8 822
Canabrava do Norte,  5 102 694 ,   4 485
Canarana,  5 102 702 ,   25 858
Carlinda,  5 102 793 ,   10 332
Castanheira,  5 102 850 ,   7 506
Chapada dos Guimarães,  5 103 007 ,   18 990
Cláudia,  5 103 056 ,   9 593
Cocalinho,  5 103 106 ,   6 220
Colíder,  5 103 205 ,   31 370
Colniza,  5 103 254 ,   25 766
Comodoro,  5 103 304 ,   18 238
Confresa,  5 103 353 ,   35 075
Conquista D'Oeste,  5 103 361 ,   3 760
Cotriguaçu,  5 103 379 ,   11 011
Cuiabá,  5 103 403 ,   650 877
Curvelândia,  5 103 437 ,   4 903
Denise,  5 103 452 ,   7 014
Diamantino,  5 103 502 ,   21 941
Dom Aquino,  5 103 601 ,   7 872
Feliz Natal,  5 103 700 ,   10 521
Figueirópolis D'Oeste,  5 103 809 ,   3 187
Gaúcha do Norte,  5 103 858 ,   8 642
General Carneiro,  5 103 908 ,   6 037
Glória D'Oeste,  5 103 957 ,   2 905
Guarantã do Norte,  5 104 104 ,   31 024
Guiratinga,  5 104 203 ,   10 966
Indiavaí,  5 104 500 ,   2 213
Ipiranga do Norte,  5 104 526 ,   7 815
Itanhangá,  5 104 542 ,   7 539
Itaúba,  5 104 559 ,   5 020
Itiquira,  5 104 609 ,   12 236
Jaciara,  5 104 807 ,   28 569
Jangada,  5 104 906 ,   7 426
Jauru,  5 105 002 ,   8 367
Juara,  5 105 101 ,   34 906
Juína,  5 105 150 ,   45 869
Juruena,  5 105 176 ,   10 213
Juscimeira,  5 105 200 ,   11 480
Lambari D'Oeste,  5 105 234 ,   4 790
Lucas do Rio Verde,  5 105 259 ,   83 798
Luciara,  5 105 309 ,   2 509
Vila Bela da Santíssima Trindade,  5 105 507 ,   16 774
Marcelândia,  5 105 580 ,   11 396
Matupá,  5 105 606 ,   20 091
Mirassol d'Oeste,  5 105 622 ,   26 785
Nobres,  5 105 903 ,   15 492
Nortelândia,  5 106 000 ,   5 956
Nossa Senhora do Livramento,  5 106 109 ,   12 940
Nova Bandeirantes,  5 106 158 ,   13 635
Nova Nazaré,  5 106 174 ,   4 200
Nova Lacerda,  5 106 182 ,   6 670
Nova Santa Helena,  5 106 190 ,   4 239
Nova Brasilândia,  5 106 208 ,   3 932
Nova Canaã do Norte,  5 106 216 ,   11 707
Nova Mutum,  5 106 224 ,   55 839
Nova Olímpia,  5 106 232 ,   16 352
Nova Ubiratã,  5 106 240 ,   11 530
Nova Xavantina,  5 106 257 ,   24 345
Novo Mundo,  5 106 265 ,   6 520
Novo Horizonte do Norte,  5 106 273 ,   3 349
Novo São Joaquim,  5 106 281 ,   6 919
Paranaíta,  5 106 299 ,   11 671
Paranatinga,  5 106 307 ,   26 423
Novo Santo Antônio,  5 106 315 ,   2 015
Pedra Preta,  5 106 372 ,   18 066
Peixoto de Azevedo,  5 106 422 ,   32 714
Planalto da Serra,  5 106 455 ,   3 166
Poconé,  5 106 505 ,   31 217
Pontal do Araguaia,  5 106 653 ,   6 932
Ponte Branca,  5 106 703 ,   2 008
Pontes e Lacerda,  5 106 752 ,   52 018
Porto Alegre do Norte,  5 106 778 ,   12 127
Porto dos Gaúchos,  5 106 802 ,   5 593
Porto Esperidião,  5 106 828 ,   10 204
Porto Estrela,  5 106 851 ,   3 224
Poxoréu,  5 107 008 ,   23 283
Primavera do Leste,  5 107 040 ,   85 146
Querência,  5 107 065 ,   26 769
São José dos Quatro Marcos,  5 107 107 ,   17 849
Reserva do Cabaçal,  5 107 156 ,   2 122
Ribeirão Cascalheira,  5 107 180 ,   10 089
Ribeirãozinho,  5 107 198 ,   2 593
Rio Branco,  5 107 206 ,   4 535
Santa Carmem,  5 107 248 ,   5 374
Santo Afonso,  5 107 263 ,   2 519
São José do Povo,  5 107 297 ,   2 875
São José do Rio Claro,  5 107 305 ,   14 911
São José do Xingu,  5 107 354 ,   5 964
São Pedro da Cipa,  5 107 404 ,   4 191
Rondolândia,  5 107 578 ,   3 505
Rondonópolis,  5 107 602 ,   244 911
Rosário Oeste,  5 107 701 ,   15 453
Santa Cruz do Xingu,  5 107 743 ,   2 661
Salto do Céu,  5 107 750 ,   3 679
Santa Rita do Trivelato,  5 107 768 ,   3 276
Santa Terezinha,  5 107 776 ,   7 596
Santo Antônio do Leste,  5 107 792 ,   4 099
Santo Antônio de Leverger,  5 107 800 ,   15 246
São Félix do Araguaia,  5 107 859 ,   13 621
Sapezal,  5 107 875 ,   28 944
Serra Nova Dourada,  5 107 883 ,   1 800
Sinop,  5 107 909 ,   196 312
Sorriso,  5 107 925 ,   110 635
Tabaporã,  5 107 941 ,   9 818
Tangará da Serra,  5 107 958 ,   106 434
Tapurah,  5 108 006 ,   14 370
Terra Nova do Norte,  5 108 055 ,   10 616
Tesouro,  5 108 105 ,   3 025
Torixoréu,  5 108 204 ,   4 164
União do Sul,  5 108 303 ,   3 838
Vale de São Domingos,  5 108 352 ,   2 904
Várzea Grande,  5 108 402 ,   300 078
Vera,  5 108 501 ,   12 800
Vila Rica,  5 108 600 ,   19 888
Nova Guarita,  5 108 808 ,   4 590
Nova Marilândia,  5 108 857 ,   3 529
Nova Maringá,  5 108 907 ,   5 846
Nova Monte Verde,  5 108 956 ,   8 313
Abadia de Goiás,  5 200 050 ,   19 128
Abadiânia,  5 200 100 ,   17 232
Acreúna,  5 200 134 ,   21 568
Adelândia,  5 200 159 ,   2 297
Água Fria de Goiás,  5 200 175 ,   4 954
Água Limpa,  5 200 209 ,   1 858
Águas Lindas de Goiás,  5 200 258 ,   225 693
Alexânia,  5 200 308 ,   27 008
Aloândia,  5 200 506 ,   1 973
Alto Horizonte,  5 200 555 ,   6 072
Alto Paraíso de Goiás,  5 200 605 ,   10 306
Alvorada do Norte,  5 200 803 ,   8 446
Amaralina,  5 200 829 ,   3 268
Americano do Brasil,  5 200 852 ,   5 259
Amorinópolis,  5 200 902 ,   3 007
Anápolis,  5 201 108 ,   398 869
Anhanguera,  5 201 207 ,924
Anicuns,  5 201 306 ,   18 503
Aparecida de Goiânia,  5 201 405 ,   527 796
Aparecida do Rio Doce,  5 201 454 ,   2 907
Aporé,  5 201 504 ,   4 325
Araçu,  5 201 603 ,   3 799
Aragarças,  5 201 702 ,   18 390
Aragoiânia,  5 201 801 ,   11 890
Araguapaz,  5 202 155 ,   7 153
Arenópolis,  5 202 353 ,   2 946
Aruanã,  5 202 502 ,   8 300
Aurilândia,  5 202 601 ,   3 284
Avelinópolis,  5 202 809 ,   2 868
Baliza,  5 203 104 ,   3 351
Barro Alto,  5 203 203 ,   10 371
Bela Vista de Goiás,  5 203 302 ,   34 445
Bom Jardim de Goiás,  5 203 401 ,   7 826
Bom Jesus de Goiás,  5 203 500 ,   23 958
Bonfinópolis,  5 203 559 ,   10 296
Bonópolis,  5 203 575 ,   3 299
Brazabrantes,  5 203 609 ,   3 992
Britânia,  5 203 807 ,   5 695
Buriti Alegre,  5 203 906 ,   10 495
Buriti de Goiás,  5 203 939 ,   2 732
Buritinópolis,  5 203 962 ,   3 145
Cabeceiras,  5 204 003 ,   7 560
Cachoeira Alta,  5 204 102 ,   11 513
Cachoeira de Goiás,  5 204 201 ,   1 405
Cachoeira Dourada,  5 204 250 ,   7 782
Caçu,  5 204 300 ,   13 774
Caiapônia,  5 204 409 ,   16 513
Caldas Novas,  5 204 508 ,   98 622
Caldazinha,  5 204 557 ,   4 507
Campestre de Goiás,  5 204 607 ,   3 755
Campinaçu,  5 204 656 ,   3 708
Campinorte,  5 204 706 ,   12 510
Campo Alegre de Goiás,  5 204 805 ,   7 422
Campo Limpo de Goiás,  5 204 854 ,   8 081
Campos Belos,  5 204 904 ,   18 108
Campos Verdes,  5 204 953 ,   4 005
Carmo do Rio Verde,  5 205 000 ,   9 710
Castelândia,  5 205 059 ,   2 985
Catalão,  5 205 109 ,   114 427
Caturaí,  5 205 208 ,   5 184
Cavalcante,  5 205 307 ,   9 583
Ceres,  5 205 406 ,   22 046
Cezarina,  5 205 455 ,   8 090
Chapadão do Céu,  5 205 471 ,   12 870
Cidade Ocidental,  5 205 497 ,   91 767
Cocalzinho de Goiás,  5 205 513 ,   25 016
Colinas do Sul,  5 205 521 ,   4 030
Córrego do Ouro,  5 205 703 ,   2 454
Corumbá de Goiás,  5 205 802 ,   10 562
Corumbaíba,  5 205 901 ,   9 164
Cristalina,  5 206 206 ,   62 337
Cristianópolis,  5 206 305 ,   3 504
Crixás,  5 206 404 ,   17 065
Cromínia,  5 206 503 ,   3 883
Cumari,  5 206 602 ,   2 927
Damianópolis,  5 206 701 ,   3 770
Damolândia,  5 206 800 ,   2 724
Davinópolis,  5 206 909 ,   1 902
Diorama,  5 207 105 ,   2 062
Doverlândia,  5 207 253 ,   6 956
Edealina,  5 207 352 ,   4 001
Edéia,  5 207 402 ,   11 747
Estrela do Norte,  5 207 501 ,   3 205
Faina,  5 207 535 ,   7 070
Fazenda Nova,  5 207 600 ,   5 877
Firminópolis,  5 207 808 ,   10 419
Flores de Goiás,  5 207 907 ,   13 744
Formosa,  5 208 004 ,   115 901
Formoso,  5 208 103 ,   4 660
Gameleira de Goiás,  5 208 152 ,   3 456
Divinópolis de Goiás,  5 208 301 ,   4 457
Goianápolis,  5 208 400 ,   13 967
Goiandira,  5 208 509 ,   4 973
Goianésia,  5 208 608 ,   73 707
Goiânia,  5 208 707 ,  1 437 366
Goianira,  5 208 806 ,   71 916
Goiás,  5 208 905 ,   24 071
Goiatuba,  5 209 101 ,   35 664
Gouvelândia,  5 209 150 ,   4 390
Guapó,  5 209 200 ,   19 545
Guaraíta,  5 209 291 ,   2 188
Guarani de Goiás,  5 209 408 ,   4 085
Guarinos,  5 209 457 ,   2 161
Heitoraí,  5 209 606 ,   3 354
Hidrolândia,  5 209 705 ,   27 742
Hidrolina,  5 209 804 ,   3 545
Iaciara,  5 209 903 ,   10 584
Inaciolândia,  5 209 937 ,   5 954
Indiara,  5 209 952 ,   17 061
Inhumas,  5 210 000 ,   52 204
Ipameri,  5 210 109 ,   25 548
Ipiranga de Goiás,  5 210 158 ,   2 919
Iporá,  5 210 208 ,   35 684
Israelândia,  5 210 307 ,   2 560
Itaberaí,  5 210 406 ,   44 734
Itaguari,  5 210 562 ,   4 963
Itaguaru,  5 210 604 ,   4 904
Itajá,  5 210 802 ,   4 380
Itapaci,  5 210 901 ,   21 087
Itapirapuã,  5 211 008 ,   8 007
Itapuranga,  5 211 206 ,   26 113
Itarumã,  5 211 305 ,   6 101
Itauçu,  5 211 404 ,   7 736
Itumbiara,  5 211 503 ,   107 970
Ivolândia,  5 211 602 ,   2 693
Jandaia,  5 211 701 ,   6 272
Jaraguá,  5 211 800 ,   45 223
Jataí,  5 211 909 ,   105 729
Jaupaci,  5 212 006 ,   2 924
Jesúpolis,  5 212 055 ,   2 123
Joviânia,  5 212 105 ,   7 159
Jussara,  5 212 204 ,   19 620
Lagoa Santa,  5 212 253 ,   1 390
Leopoldo de Bulhões,  5 212 303 ,   8 745
Luziânia,  5 212 501 ,   209 129
Mairipotaba,  5 212 600 ,   2 561
Mambaí,  5 212 709 ,   8 124
Mara Rosa,  5 212 808 ,   10 700
Marzagão,  5 212 907 ,   2 758
Matrinchã,  5 212 956 ,   4 042
Maurilândia,  5 213 004 ,   10 304
Mimoso de Goiás,  5 213 053 ,   2 614
Minaçu,  5 213 087 ,   27 075
Mineiros,  5 213 103 ,   70 081
Moiporá,  5 213 400 ,   1 685
Monte Alegre de Goiás,  5 213 509 ,   6 692
Montes Claros de Goiás,  5 213 707 ,   8 756
Montividiu,  5 213 756 ,   12 521
Montividiu do Norte,  5 213 772 ,   3 779
Morrinhos,  5 213 806 ,   51 351
Morro Agudo de Goiás,  5 213 855 ,   2 456
Mossâmedes,  5 213 905 ,   4 654
Mozarlândia,  5 214 002 ,   14 750
Mundo Novo,  5 214 051 ,   6 189
Mutunópolis,  5 214 101 ,   3 564
Nazário,  5 214 408 ,   8 189
Nerópolis,  5 214 507 ,   31 932
Niquelândia,  5 214 606 ,   34 964
Nova América,  5 214 705 ,   2 337
Nova Aurora,  5 214 804 ,   2 101
Nova Crixás,  5 214 838 ,   12 815
Nova Glória,  5 214 861 ,   8 310
Nova Iguaçu de Goiás,  5 214 879 ,   3 010
Nova Roma,  5 214 903 ,   3 076
Nova Veneza,  5 215 009 ,   9 481
Novo Brasil,  5 215 207 ,   3 527
Novo Gama,  5 215 231 ,   103 804
Novo Planalto,  5 215 256 ,   3 716
Orizona,  5 215 306 ,   16 399
Ouro Verde de Goiás,  5 215 405 ,   4 057
Ouvidor,  5 215 504 ,   7 200
Padre Bernardo,  5 215 603 ,   34 967
Palestina de Goiás,  5 215 652 ,   3 132
Palmeiras de Goiás,  5 215 702 ,   31 858
Palmelo,  5 215 801 ,   2 259
Palminópolis,  5 215 900 ,   3 851
Panamá,  5 216 007 ,   2 455
Paranaiguara,  5 216 304 ,   7 607
Paraúna,  5 216 403 ,   10 659
Perolândia,  5 216 452 ,   2 964
Petrolina de Goiás,  5 216 809 ,   9 573
Pilar de Goiás,  5 216 908 ,   2 328
Piracanjuba,  5 217 104 ,   24 883
Piranhas,  5 217 203 ,   11 712
Pirenópolis,  5 217 302 ,   26 690
Pires do Rio,  5 217 401 ,   32 373
Planaltina,  5 217 609 ,   105 031
Pontalina,  5 217 708 ,   18 309
Porangatu,  5 218 003 ,   44 317
Porteirão,  5 218 052 ,   4 070
Portelândia,  5 218 102 ,   3 280
Posse,  5 218 300 ,   34 914
Professor Jamil,  5 218 391 ,   3 649
Quirinópolis,  5 218 508 ,   48 447
Rialma,  5 218 607 ,   12 165
Rianápolis,  5 218 706 ,   3 980
Rio Quente,  5 218 789 ,   3 864
Rio Verde,  5 218 805 ,   225 696
Rubiataba,  5 218 904 ,   19 788
Sanclerlândia,  5 219 001 ,   7 918
Santa Bárbara de Goiás,  5 219 100 ,   6 149
Santa Cruz de Goiás,  5 219 209 ,   3 002
Santa Fé de Goiás,  5 219 258 ,   4 951
Santa Helena de Goiás,  5 219 308 ,   38 492
Santa Isabel,  5 219 357 ,   3 538
Santa Rita do Araguaia,  5 219 407 ,   5 924
Santa Rita do Novo Destino,  5 219 456 ,   2 689
Santa Rosa de Goiás,  5 219 506 ,   2 820
Santa Tereza de Goiás,  5 219 605 ,   3 293
Santa Terezinha de Goiás,  5 219 704 ,   10 645
Santo Antônio da Barra,  5 219 712 ,   4 267
Santo Antônio de Goiás,  5 219 738 ,   7 386
Santo Antônio do Descoberto,  5 219 753 ,   72 127
São Domingos,  5 219 803 ,   9 711
São Francisco de Goiás,  5 219 902 ,   6 378
São João d'Aliança,  5 220 009 ,   14 041
São João da Paraúna,  5 220 058 ,   1 774
São Luís de Montes Belos,  5 220 108 ,   33 852
São Luiz do Norte,  5 220 157 ,   4 837
São Miguel do Araguaia,  5 220 207 ,   21 900
São Miguel do Passa Quatro,  5 220 264 ,   4 464
São Patrício,  5 220 280 ,   2 143
São Simão,  5 220 405 ,   17 020
Senador Canedo,  5 220 454 ,   155 635
Serranópolis,  5 220 504 ,   8 027
Silvânia,  5 220 603 ,   22 245
Simolândia,  5 220 686 ,   5 742
Sítio d'Abadia,  5 220 702 ,   2 927
Taquaral de Goiás,  5 221 007 ,   4 026
Teresina de Goiás,  5 221 080 ,   2 701
Terezópolis de Goiás,  5 221 197 ,   7 944
Três Ranchos,  5 221 304 ,   2 921
Trindade,  5 221 403 ,   142 431
Trombas,  5 221 452 ,   3 120
Turvânia,  5 221 502 ,   4 480
Turvelândia,  5 221 551 ,   4 985
Uirapuru,  5 221 577 ,   2 798
Uruaçu,  5 221 601 ,   42 546
Uruana,  5 221 700 ,   13 729
Urutaí,  5 221 809 ,   3 553
Valparaíso de Goiás,  5 221 858 ,   198 861
Varjão,  5 221 908 ,   3 716
Vianópolis,  5 222 005 ,   14 956
Vicentinópolis,  5 222 054 ,   8 768
Vila Boa,  5 222 203 ,   4 215
Vila Propício,  5 222 302 ,   5 815
Brasília,  5 300 108 ,  2 817 381
  Fonte: Censo Demográfico 2022,,